date,avg_block_size,avg_block_gas_limit,avg_block_gas_used,target_blob_gas_per_block,max_blob_gas_per_block,target_blobs_per_block,max_blobs_per_block,gas_per_blob,blocks_count,total_blob_gas_used,total_blobs,avg_blobs_per_block,avg_blob_gas_used,avg_max_gas_utilization,avg_target_gas_utilization,avg_blob_gas_price,avg_blob_base_fee
2025-12-12 00:00:00.000 UTC,94069.54146778044,59988836,30722213,1310720,1966080,10,15,131072,3352,2218262528,16924,5.048926014319809,661772.830548926,0.33659506762132463,0.5048926014319751,5806863.718973747,3834544242570.692
2025-12-11 00:00:00.000 UTC,118386.23086627419,59988655,30546139,1310720,1966080,10,15,131072,7134,4785045504,36507,5.1173254835996635,670738.0857863751,0.34115503223998533,0.5117325483599774,7904454.967900196,5299574816827.712
2025-12-10 00:00:00.000 UTC,112867.83431952662,59987871,30601220,1310720,1966080,10,15,131072,7098,4842979328,36949,5.205550859397014,682301.9622428854,0.3470367239598065,0.5205550859397107,11587420.123274162,8632854342263.885
2025-12-09 00:00:00.000 UTC,105672.39090143218,59988059,30656666,1310720,1966080,10,15,131072,7122,4723834880,36040,5.060376298792474,663273.6422353272,0.46894442884333254,0.7034166432649991,16921421.697978094,11346027538392.316
2025-12-08 00:00:00.000 UTC,93416.2689122807,59983085,30682491,786432,1179648,6,9,131072,7125,4622123008,35264,4.949333333333334,648719.0186666667,0.5499259259259272,0.824888888888896,22849101.735298246,15011001926588.596
2025-12-07 00:00:00.000 UTC,83701.02480728802,59983435,30663202,786432,1179648,6,9,131072,7135,4592500736,35038,4.91072179397337,643658.1269796776,0.5456357548859326,0.8184536323289022,32525312.678065874,22516195542776.215
2025-12-06 00:00:00.000 UTC,114350.17775277738,59981988,30565830,786432,1179648,6,9,131072,7111,4542955520,34660,4.874138658416538,638863.1022359724,0.5415709620462839,0.8123564430694291,1743145.6076501196,1108857423164.949
2025-12-05 00:00:00.000 UTC,141922.13421015415,59974355,30484334,786432,1179648,6,9,131072,7071,4785963008,36514,5.163908923773158,676843.8704567953,0.5737676581970158,0.8606514872955366,2999291.0386084006,2076006633002.214
2025-12-04 00:00:00.000 UTC,148574.66784922394,59968756,30468850,786432,1179648,6,9,131072,6765,5009178624,38217,5.649223946784923,740455.0811529934,0.62769154964277,0.9415373244641558,2220713192.2881007,1706018577745649.8
2025-12-03 00:00:00.000 UTC,145381.80685182574,59951999,30417884,786432,1179648,6,9,131072,7093,5460721664,41662,5.873678274354998,769874.7587762583,0.6526309193727525,0.9789463790591749,14201372.256731989,11009860882144.996
2025-12-02 00:00:00.000 UTC,140641.83258678613,59944848,30430287,786432,1179648,6,9,131072,7144,5349441536,40813,5.712905935050392,748802.006718925,0.6347673261166982,0.9521509891750797,618498.7112262038,479477300605.8499
2025-12-01 00:00:00.000 UTC,154334.02155051776,59914924,30347870,786432,1179648,6,9,131072,7146,4882300928,37249,5.2125664707528685,683221.51245452,0.5791740523058652,0.8687610784588157,1.6896165687097677,1213929.2157850545
2025-11-30 00:00:00.000 UTC,113952.11998882526,59900107,30596222,786432,1179648,6,9,131072,7159,4295622656,32773,4.577874004749266,600031.1015504958,0.5086526671943642,0.7629790007915507,1,600031.1015504958
2025-11-29 00:00:00.000 UTC,111012.05098477441,59890901,30570258,786432,1179648,6,9,131072,7159,4156686336,31713,4.429808632490571,580623.8770778042,0.4922009591656169,0.7383014387484312,1,580623.8770778042
2025-11-28 00:00:00.000 UTC,137968.79116409537,59872060,30434765,786432,1179648,6,9,131072,7130,4740087808,36164,5.072089761570828,664808.9492286115,0.563565529063419,0.8453482935951452,1.0727910238429172,719112.8325385695
2025-11-27 00:00:00.000 UTC,144453.18833263215,59821458,30380733,786432,1179648,6,9,131072,7131,5222432768,39844,5.587435142336278,732356.2989763006,0.6208261269262377,0.9312391903893874,2.352965923432899,1775271.0767073343
2025-11-26 00:00:00.000 UTC,137965.09267059815,59268636,30074067,786432,1179648,6,9,131072,7122,5173018624,39467,5.541561359168773,726343.5304689694,0.6157290399076322,0.9235935598614732,2.0144622297107553,1507898.5183937096
2025-11-25 00:00:00.000 UTC,125816.36911806143,48357762,24475073,786432,1179648,6,9,131072,7098,5201199104,39682,5.590588898281206,732769.6680755143,0.6211765442534541,0.9317648163802082,2.62102000563539,1987408.2840236686
2025-11-24 00:00:00.000 UTC,119226.9166783955,45309049,22915995,786432,1179648,6,9,131072,7105,5338431488,40729,5.732441942294159,751362.63026038,0.6369379935882249,0.9554069903823648,32.823645320197045,25405111.109359607
2025-11-23 00:00:00.000 UTC,107133.7029494382,45244093,22981720,786432,1179648,6,9,131072,7120,4791205888,36554,5.133988764044944,672922.1752808989,0.5704431960049904,0.8556647940074993,1.0064606741573034,677653.2853932584
2025-11-22 00:00:00.000 UTC,110922.19814110688,45216706,22875032,786432,1179648,6,9,131072,7101,4886888448,37284,5.250528094634559,688197.2184199409,0.5833920105149375,0.8750880157724273,1.0116884945782285,696595.7200394311
2025-11-21 00:00:00.000 UTC,124794.83221005336,45136539,22786797,786432,1179648,6,9,131072,7122,5503188992,41986,5.895254142094917,772702.7509126649,0.6550282380105212,0.9825423570158212,59888.571187868576,46224375127.05869
2025-11-20 00:00:00.000 UTC,120721.09384205358,45145788,22769509,786432,1179648,6,9,131072,7129,5390991360,41130,5.769392621686071,756205.8297096367,0.6410436246317731,0.9615654369476896,1691018.3899565157,1308163786751.7126
2025-11-19 00:00:00.000 UTC,126195.94211043979,45086631,22752827,786432,1179648,6,9,131072,7117,5510004736,42038,5.906702262189125,774203.278909653,0.6563002513543306,0.9844503770315276,236315563.60432768,182645385719447.16
2025-11-18 00:00:00.000 UTC,121748.83887719299,45033493,22708500,786432,1179648,6,9,131072,7125,5251399680,40065,5.623157894736842,737038.5515789473,0.6247953216374089,0.937192982456138,1114625617.1559298,860752577439033.1
2025-11-17 00:00:00.000 UTC,121765.96799101502,45043216,22753936,786432,1179648,6,9,131072,7123,5194776576,39633,5.564088165098975,729296.1639758529,0.618232018344321,0.9273480275165005,61610.555243577146,47642423884.264496
2025-11-16 00:00:00.000 UTC,111990.87506987144,45042998,22832168,786432,1179648,6,9,131072,7156,5359271936,40888,5.713806595863611,748920.0581330352,0.6348673995403885,0.9523010993106091,2197.9146171045277,1697562266.8306317
2025-11-15 00:00:00.000 UTC,107053.05284496016,45039410,22807982,786432,1179648,6,9,131072,7153,5028052992,38361,5.362924647001258,702929.2593317489,0.5958805163334643,0.8938207745002148,4.709492520620719,3584241.0759122046
2025-11-14 00:00:00.000 UTC,124549.85816098379,45032716,22712282,786432,1179648,6,9,131072,7156,5454692352,41616,5.815539407490218,762254.3812185578,0.646171045276671,0.9692565679150393,80542.16014533259,62362769097.76635
2025-11-13 00:00:00.000 UTC,122579.51260857383,45021117,22750465,786432,1179648,6,9,131072,7138,5608964096,42793,5.9950966657326985,785789.3101709163,0.6661218517480587,0.9991827776221246,6120452.619361166,4720363268244.622
2025-11-12 00:00:00.000 UTC,119016.70088099566,45006698,22716589,786432,1179648,6,9,131072,7151,5255462912,40096,5.607047965319536,734926.9909103622,0.6230053294799337,0.9345079942199309,1.7789120402740874,1330992.0783107257
2025-11-11 00:00:00.000 UTC,122123.07888468544,45001649,22698981,786432,1179648,6,9,131072,7137,5268963328,40199,5.632478632478633,738260.2393162394,0.6258309591642748,0.9387464387464443,414.61370323665403,321263257.01891553
2025-11-10 00:00:00.000 UTC,122607.26018194541,45000763,22692381,786432,1179648,6,9,131072,7145,5292032000,40375,5.650804758572428,740662.2813156053,0.6278671953969232,0.94180079309541,32.27375787263821,24938442.972708188
2025-11-09 00:00:00.000 UTC,114778.68067578888,45002687,22780577,786432,1179648,6,9,131072,7162,4970119168,37919,5.294470818207205,693956.8790840547,0.5882745353563456,0.8824118030345443,2.1632225635297404,1592501.0086567998
2025-11-08 00:00:00.000 UTC,114893.31255241823,44998694,22735499,786432,1179648,6,9,131072,7154,4700766208,35864,5.013139502376293,657082.2208554655,0.5570155002640257,0.8355232503960562,1.034386357282639,682952.1766843724
2025-11-07 00:00:00.000 UTC,119587.5098615191,45001445,22670436,786432,1179648,6,9,131072,7149,5166071808,39414,5.513218631976501,722628.5925304239,0.6125798479973724,0.9188697719960928,65.79073996363128,50758965.82123374
2025-11-06 00:00:00.000 UTC,122090.02125576843,45001427,22644505,786432,1179648,6,9,131072,7151,4681236480,35715,4.994406376730527,654626.8326108237,0.5549340418589416,0.8324010627884222,1.7945741854286115,1266601.6523563138
2025-11-05 00:00:00.000 UTC,121322.72324929971,44999920,22645404,786432,1179648,6,9,131072,7140,4673241088,35654,4.993557422969188,654515.5585434174,0.5548397136632334,0.8322595704948669,1.0145658263305322,665107.7915966386
2025-11-04 00:00:00.000 UTC,130515.21686241611,44999090,22743537,786432,1179648,6,9,131072,7152,5050859520,38535,5.388003355704698,706216.3758389262,0.5986670395227301,0.8980005592841213,1.650307606263982,1201365.0469798658
2025-11-03 00:00:00.000 UTC,128349.0227749057,44998746,22739991,786432,1179648,6,9,131072,7157,5080350720,38760,5.415676959619953,709843.6104513064,0.6017418844022002,0.902612826603331,1.750034930836943,1284329.7873410648
2025-11-02 00:00:00.000 UTC,111374.67174186339,45002291,22834558,786432,1179648,6,9,131072,7159,4805099520,36660,5.120826931135634,671197.0275178098,0.5689807701261705,0.8534711551892762,1.0222098058388043,687894.5640452577
2025-11-01 00:00:00.000 UTC,102602.20634698728,44998195,22844254,786432,1179648,6,9,131072,7153,4883742720,37260,5.209003215434084,682754.4694533763,0.57877813504822,0.8681672025723524,1,682754.4694533763
2025-10-31 00:00:00.000 UTC,124950.67357803306,44998805,22735022,786432,1179648,6,9,131072,7138,4821483520,36785,5.153404314934155,675467.0103670496,0.5726004794371196,0.858900719155698,1.005743905855982,679139.5236760997
2025-10-30 00:00:00.000 UTC,126203.75129533678,44999937,22693811,786432,1179648,6,9,131072,7141,5250875392,40061,5.609998599635905,735313.7364514774,0.6233331777373015,0.9349997666059889,33321978.599635907,25791671405786.105
2025-10-29 00:00:00.000 UTC,118705.94054280917,44997575,22749383,786432,1179648,6,9,131072,7148,4988600320,38060,5.324566312255176,697901.5556799105,0.5916184791394499,0.8874277187092023,1.036793508673755,724306.6592053721
2025-10-28 00:00:00.000 UTC,117092.76038159372,45001166,22739369,786432,1179648,6,9,131072,7128,5250875392,40061,5.620230078563412,736654.7968574635,0.6244700087292508,0.9367050130939076,1.6968294051627384,1271479.3086419753
2025-10-27 00:00:00.000 UTC,120649.7731092437,44999202,22724811,786432,1179648,6,9,131072,7140,4935516160,37655,5.273809523809524,691248.7619047619,0.5859788359788254,0.8789682539682608,1.007983193277311,697012.9927170868
2025-10-26 00:00:00.000 UTC,102973.88702695155,44999215,22828572,786432,1179648,6,9,131072,7161,4844683264,36962,5.161569613182516,676537.2523390588,0.5735077347980482,0.8602616021970949,1.0404971372713308,706994.4242424242
2025-10-25 00:00:00.000 UTC,93819.0988396477,45000026,22856059,786432,1179648,6,9,131072,7153,4793171968,36569,5.112400391444149,670092.5441073675,0.5680444879382271,0.8520667319073674,1,670092.5441073675
2025-10-24 00:00:00.000 UTC,106971.17175679462,44998061,22779169,786432,1179648,6,9,131072,7138,5007081472,38201,5.351779209862706,701468.4045951247,0.5946421344291761,0.89196320164379,1.016671336508826,713863.137013169
2025-10-23 00:00:00.000 UTC,107496.14953008837,44994626,22783551,786432,1179648,6,9,131072,7129,4717674496,35993,5.0488147005190065,661758.2404264272,0.5609794111687717,0.841469116753176,1.2997615373825222,891230.7656052742
2025-10-22 00:00:00.000 UTC,113695.73965493057,44989855,22760429,786432,1179648,6,9,131072,7129,4783603712,36496,5.119371580866882,671006.2718473839,0.5688190645407553,0.8532285968111558,6.799410857062702,5146060.649179408
2025-10-21 00:00:00.000 UTC,112547.17832069643,44986257,22776574,786432,1179648,6,9,131072,7122,4739694592,36161,5.077365908452681,665500.5043527099,0.5641517676058427,0.8462276514087825,1.4837124403257511,1033963.3675933727
2025-10-20 00:00:00.000 UTC,105084.31180682297,44991361,22790798,786432,1179648,6,9,131072,7123,4456448000,34000,4.77326968973747,625642.0047732696,0.5303632988597139,0.7955449482895796,1.2604239786606768,824430.5511722589
2025-10-19 00:00:00.000 UTC,106516.90074094785,44990806,22819391,786432,1179648,6,9,131072,7153,4482400256,34198,4.780931077869425,626646.1982385013,0.5312145642077084,0.796821846311574,1.0267020830420803,646033.0535439675
2025-10-18 00:00:00.000 UTC,110939.81150293871,44988756,22798675,786432,1179648,6,9,131072,7146,4601806848,35109,4.913098236775818,643969.61209068,0.5458998040861924,0.8188497061293099,1.0100755667506298,651159.6798208788
2025-10-17 00:00:00.000 UTC,124824.62403913347,44990690,22723796,786432,1179648,6,9,131072,7155,5011800064,38237,5.344095038434661,700461.2248777079,0.5937883376038351,0.8906825064057792,40.218728162124386,31066408.824039135
2025-10-16 00:00:00.000 UTC,125317.88569827707,44986374,22709018,786432,1179648,6,9,131072,7139,4794744832,36581,5.124107017789607,671626.9550357193,0.5693452241988379,0.8540178362982775,2.426390250735397,1771702.7393192323
2025-10-15 00:00:00.000 UTC,121957.18088975937,44991059,22755348,786432,1179648,6,9,131072,7148,4843241472,36951,5.169418019026301,677565.9585898153,0.5743797798918018,0.8615696698377264,1.015388919977616,688678.1063234471
2025-10-14 00:00:00.000 UTC,122305.69216783217,44989854,22744889,786432,1179648,6,9,131072,7150,5077860352,38741,5.4183216783216785,710190.259020979,0.6020357420357306,0.9030536130536191,201995.1111888112,156437663593.9088
2025-10-13 00:00:00.000 UTC,122354.03652904129,44985952,22728014,786432,1179648,6,9,131072,7145,5046009856,38498,5.3881035689293215,706229.510986704,0.5986781743254683,0.8980172614882276,5885.309727081875,4557951257.474598
2025-10-12 00:00:00.000 UTC,122616.43365921787,44987128,22749093,786432,1179648,6,9,131072,7160,4912578560,37480,5.23463687150838,686114.3240223464,0.5816263190564772,0.8724394785847391,1.0226256983240223,701619.6290502794
2025-10-11 00:00:00.000 UTC,127926.75087327092,44988807,22578467,786432,1179648,6,9,131072,7157,4917428224,37517,5.242000838340086,687079.5338829118,0.5824445375933303,0.8736668063900151,1.889618555260584,1362291.7132876904
2025-10-10 00:00:00.000 UTC,126059.16466144376,44983565,22873849,786432,1179648,6,9,131072,7148,5141037056,39223,5.487269166200336,719227.3441522104,0.6096965740222472,0.9145448610333964,863213.9008114157,668727872080.5104
2025-10-09 00:00:00.000 UTC,124771.42669461915,44987016,22722948,786432,1179648,6,9,131072,7155,5315100672,40551,5.667505241090147,742851.2469601678,0.6297228045655587,0.9445842068483662,1205356.1087351502,934322616634.5706
2025-10-08 00:00:00.000 UTC,126059.41358543417,44984160,22716619,786432,1179648,6,9,131072,7140,5160042496,39368,5.513725490196078,722695.0274509804,0.6126361655773287,0.91895424836602,1.1340336134453781,822504.3361344538
2025-10-07 00:00:00.000 UTC,128466.97834590668,44990912,22725828,786432,1179648,6,9,131072,7158,5311168512,40521,5.660938809723387,741990.5716680638,0.6289932010803647,0.9434898016205726,3.8249511036602404,2920169.897736798
2025-10-06 00:00:00.000 UTC,123492.76269053279,44985480,22768085,786432,1179648,6,9,131072,7151,5458231296,41643,5.823381345266396,763282.2396867571,0.6470423716962517,0.9705635575444108,76.09844776954272,58925964.44021815
2025-10-05 00:00:00.000 UTC,115039.50174507887,44985561,22773428,786432,1179648,6,9,131072,7163,5347475456,40798,5.695658243752618,746541.3173251431,0.6328509159724997,0.9492763739587788,3382690.359905068,2625698185451.593
2025-10-04 00:00:00.000 UTC,109196.41590940864,44986353,22816913,786432,1179648,6,9,131072,7153,5142609920,39235,5.485111142178107,718944.4876275689,0.6094567935753319,0.914185190363026,1.117293443310499,805745.5590661261
2025-10-03 00:00:00.000 UTC,127016.16848129536,44987391,22690275,786432,1179648,6,9,131072,7164,5005246464,38187,5.330402010050252,698666.4522613066,0.5922668900055736,0.8884003350083846,1.01214405360134,707210.6487995533
2025-10-02 00:00:00.000 UTC,125093.94879686626,44985640,22698911,786432,1179648,6,9,131072,7148,5021237248,38309,5.359401231113599,702467.4381645216,0.5954890256792776,0.893233538518942,1.103805260212647,777685.3094571908
2025-10-01 00:00:00.000 UTC,125231.68431372549,44985255,22723375,786432,1179648,6,9,131072,7140,5252055040,40070,5.6120448179271705,735581.9383753501,0.623560535325228,0.9353408029878698,2798.462324929972,2167732436.2577033
2025-09-30 00:00:00.000 UTC,123782.02655485674,44988678,22669705,786432,1179648,6,9,131072,7155,4833411072,36876,5.153878406708595,675529.150524109,0.5726531563009457,0.8589797344514412,1.004891684136967,678844.8782669462
2025-09-29 00:00:00.000 UTC,123457.87288727476,44986641,22703581,786432,1179648,6,9,131072,7159,4790026240,36545,5.1047632350887,669091.526749546,0.5671959150098456,0.8507938725147927,1.0182986450621596,682438.5707501047
2025-09-28 00:00:00.000 UTC,116541.71608391608,44980313,22781742,786432,1179648,6,9,131072,7150,4788846592,36536,5.10993006993007,669768.7541258741,0.5677700077700002,0.8516550116550201,1.0218181818181817,685424.0671328672
2025-09-27 00:00:00.000 UTC,135883.02166620072,44987128,22719039,786432,1179648,6,9,131072,7154,5023072256,38323,5.356863293262511,702134.7855745038,0.5952070325847119,0.8928105488770965,1.7520268381325133,1281057.4939893766
2025-09-26 00:00:00.000 UTC,125328.7340053199,44984322,22670988,786432,1179648,6,9,131072,7143,5130551296,39143,5.479910401791964,718262.8161836764,0.6088789335324263,0.9133184002986642,234.24065518689625,181199489.09309813
2025-09-25 00:00:00.000 UTC,124401.99902070509,44985225,22727040,786432,1179648,6,9,131072,7148,5400952832,41206,5.764689423614997,755589.3721320649,0.6405210470683151,0.9607815706025025,3172.437045327364,2443197703.019586
2025-09-24 00:00:00.000 UTC,127504.27607875995,44985433,22742050,786432,1179648,6,9,131072,7161,5375393792,41011,5.726993436670856,750648.4837313225,0.6363326040745239,0.9544989061118098,2992561.6922217566,2314073490952.365
2025-09-23 00:00:00.000 UTC,127193.87248883929,44983991,22713441,786432,1179648,6,9,131072,7168,5238816768,39969,5.576032366071429,730861.7142857143,0.6195591517857004,0.9293387276785791,17.860909598214285,13706166.857142856
2025-09-22 00:00:00.000 UTC,123700.12463281577,44983826,22722885,786432,1179648,6,9,131072,7149,5045485568,38494,5.384529304797874,705761.0250384669,0.5982810338664154,0.897421550799647,1.6498811022520632,1200659.122114981
2025-09-21 00:00:00.000 UTC,109722.95018191995,44981146,22773561,786432,1179648,6,9,131072,7146,4961992704,37857,5.297649034424853,694373.4542401343,0.5886276704916432,0.882941505737483,1.0356842989084802,720327.3977050098
2025-09-20 00:00:00.000 UTC,125598.31599552573,44986041,22720193,786432,1179648,6,9,131072,7152,4540071936,34638,4.843120805369128,634797.5302013423,0.5381245339298999,0.8071868008948598,1.0002796420581654,634852.5100671141
2025-09-19 00:00:00.000 UTC,120902.71364715742,44980910,22671705,786432,1179648,6,9,131072,7159,4570349568,34869,4.870652325743819,638406.1416398939,0.5411835917493079,0.811775387623973,1.001396843134516,639266.6506495321
2025-09-18 00:00:00.000 UTC,121820.03184802347,44982155,22675405,786432,1179648,6,9,131072,7159,4828823552,36841,5.146109791870373,674510.9026400335,0.5717899768744772,0.8576849653117314,1.0227685430926108,689725.4342785305
2025-09-17 00:00:00.000 UTC,126264.89518492673,44982733,22720848,786432,1179648,6,9,131072,7165,4844683264,36962,5.158688066992323,676159.5623168178,0.5731875629991418,0.8597813444987246,1.0237264480111654,693263.863782275
2025-09-16 00:00:00.000 UTC,137243.1247206704,44984742,22683029,786432,1179648,6,9,131072,7160,4531814400,34575,4.82891061452514,632934.9720670391,0.5365456238361265,0.8048184357541945,1.0013966480446927,633941.8100558659
2025-09-15 00:00:00.000 UTC,130895.98713826366,44984689,22718958,786432,1179648,6,9,131072,7153,4669964288,35629,4.980986998462184,652867.9278624353,0.5534429998291266,0.8301644997437037,1.0197120089472949,667325.6110722774
2025-09-14 00:00:00.000 UTC,115319.67061776601,44982070,22760557,786432,1179648,6,9,131072,7171,4330225664,33037,4.607028308464649,603852.4144470785,0.5118920342738484,0.7678380514107773,1.0001394505647747,603852.4144470785
2025-09-13 00:00:00.000 UTC,126749.77842891029,44987848,22702952,786432,1179648,6,9,131072,7167,4271243264,32587,4.546811776196456,595959.7131296219,0.5052013084662714,0.7578019626994114,1.0026510394865356,597422.7743825868
2025-09-12 00:00:00.000 UTC,132169.55952547104,44984211,22692790,786432,1179648,6,9,131072,7165,4509138944,34402,4.801395673412421,629328.5337055129,0.533488408156933,0.8002326122354038,1.045917655268667,664085.9377529658
2025-09-11 00:00:00.000 UTC,131433.2184181107,44985470,22696444,786432,1179648,6,9,131072,7156,4536008704,34607,4.8360816098378985,633874.888764673,0.5373424010930931,0.806013601639653,1.0286472889882616,655066.9379541643
2025-09-10 00:00:00.000 UTC,126167.32153889356,44986932,22728221,786432,1179648,6,9,131072,7122,4587126784,34997,4.913928671721426,644078.4588598708,0.5459920746357118,0.8189881119535766,1.0046335299073295,647556.7806795844
2025-09-09 00:00:00.000 UTC,140056.70972241595,44987915,22692966,786432,1179648,6,9,131072,7169,4421844992,33736,4.705816710838332,616800.8079230018,0.5228685234264806,0.7843027851397282,1.0112986469521552,624424.8871530199
2025-09-08 00:00:00.000 UTC,141980.40731945803,44987672,22728734,786432,1179648,6,9,131072,7159,4539285504,34632,4.83754714345579,634066.9791870373,0.5375052381617512,0.8062578572426361,1.0022349490152256,635183.8100293337
2025-09-07 00:00:00.000 UTC,129134.25624912721,44981155,22796725,786432,1179648,6,9,131072,7161,4152229888,31679,4.423823488339617,579839.3922636503,0.4915359431488487,0.7373039147232722,1.0135455941907554,589942.9733277475
2025-09-06 00:00:00.000 UTC,134116.47914917435,44987176,22787655,786432,1179648,6,9,131072,7146,3880124416,29603,4.142597257206829,542978.5076966134,0.4602885841340921,0.6904328762011382,1.0001399384270921,543033.5337251609
2025-09-05 00:00:00.000 UTC,142274.97333147164,44986167,22735876,786432,1179648,6,9,131072,7162,4106616832,31331,4.374616029042167,573389.672158615,0.4860684476713511,0.729102671507031,1.0022340128455738,574981.8620497067
2025-09-04 00:00:00.000 UTC,142178.7132281045,44982739,22708390,786432,1179648,6,9,131072,7159,4130209792,31511,4.401592401173348,576925.519206593,0.48906582235259916,0.7335987335288937,1.0061461097918705,580953.4337197932
2025-09-03 00:00:00.000 UTC,139105.19073531462,44984997,22737467,786432,1179648,6,9,131072,7167,4036362240,30795,4.296776894097949,563187.1410632064,0.4774196548997744,0.7161294823496611,1,563187.1410632064
2025-09-02 00:00:00.000 UTC,121096.02244668911,44986493,22741679,786432,1179648,6,9,131072,7128,3948281856,30123,4.226010101010101,553911.595959596,0.46955667789001426,0.7043350168350181,1.0001402918069584,553985.1492704826
2025-09-01 00:00:00.000 UTC,141591.41772505234,44987482,22735424,786432,1179648,6,9,131072,7165,3754033152,28641,3.997348220516399,523940.42595952546,0.44414980227960127,0.6662247034193991,1,523940.42595952546
2025-08-31 00:00:00.000 UTC,108920.06183696259,44988181,22817500,786432,1179648,6,9,131072,7164,3569090560,27230,3.8009491903964268,498198.01228364045,0.4223276878218275,0.6334915317327345,1,498198.01228364045
2025-08-30 00:00:00.000 UTC,105412.01421404682,44987797,22804448,786432,1179648,6,9,131072,7176,3919970304,29907,4.167642140468227,546261.1906354515,0.46307134894091756,0.6946070234113716,1.0018115942028984,547448.4370122631
2025-08-29 00:00:00.000 UTC,122022.95913528591,44986525,22737911,786432,1179648,6,9,131072,7170,4109238272,31351,4.372524407252441,573115.5191073919,0.4858360452502721,0.7287540678754104,1.0362622036262203,600152.5467224547
2025-08-28 00:00:00.000 UTC,140344.03854748604,44982669,22669613,786432,1179648,6,9,131072,7160,4211081216,32128,4.4871508379888265,588139.8346368715,0.4985723153320934,0.747858472998141,1.0012569832402234,588853.774301676
2025-08-27 00:00:00.000 UTC,158623.1979064899,44989248,22746722,786432,1179648,6,9,131072,7165,4344119296,33143,4.625680390788555,606297.1801814375,0.5139644878654009,0.7709467317980975,1.1730635031402652,738137.5017445917
2025-08-26 00:00:00.000 UTC,145230.55476489465,44985757,22689755,786432,1179648,6,9,131072,7167,4156817408,31714,4.425003488209851,579994.0572066415,0.49166705424553797,0.7375005813683098,1.0093484023998884,586266.9323287288
2025-08-25 00:00:00.000 UTC,127868.99720982143,44988599,22767125,786432,1179648,6,9,131072,7168,4204789760,32080,4.475446428571429,586605.7142857143,0.497271825396825,0.7459077380952401,1.0034877232142858,588580.5714285715
2025-08-24 00:00:00.000 UTC,114663.72163367717,44984055,22768034,786432,1179648,6,9,131072,7174,3810263040,29070,4.052132701421801,531121.1374407583,0.4502369668246461,0.6753554502369643,1.001672706997491,532308.7148034569
2025-08-23 00:00:00.000 UTC,120515.00139703829,44988529,22704981,786432,1179648,6,9,131072,7158,3833462784,29247,4.085917854149204,535549.4249790445,0.45399087268324384,0.6809863090248667,1.0020955574182733,537014.3257893267
2025-08-22 00:00:00.000 UTC,122157.61706874912,44982720,22764434,786432,1179648,6,9,131072,7171,3890348032,29681,4.139032213080463,542511.2302328824,0.4598924681200528,0.6898387021800777,1.0004183516943244,542675.7328127179
2025-08-21 00:00:00.000 UTC,118719.0465278748,44984461,22725518,786432,1179648,6,9,131072,7157,3770679296,28768,4.019561268687998,526851.9346094732,0.44661791874311046,0.6699268781146646,1,526851.9346094732
2025-08-20 00:00:00.000 UTC,120453.25191798019,44982524,22711404,786432,1179648,6,9,131072,7169,3924426752,29941,4.176454177709583,547416.2019807504,0.4640504641899554,0.6960756962849304,1.006556005021621,551968.709722416
2025-08-19 00:00:00.000 UTC,121076.19370122631,44984276,22726872,786432,1179648,6,9,131072,7176,3895721984,29722,4.141861761426979,542882.104793757,0.46020686238077296,0.690310293571163,1.000139353400223,542882.104793757
2025-08-18 00:00:00.000 UTC,119422.08271725485,44982116,22743252,786432,1179648,6,9,131072,7169,3936092160,30030,4.188868740410099,549043.4035430325,0.465429860045564,0.6981447900683474,1.0069744734272563,554071.2735388478
2025-08-17 00:00:00.000 UTC,111646.66968641114,44981634,22760337,786432,1179648,6,9,131072,7175,3821535232,29156,4.0635540069686416,532618.1508013938,0.45150600077429387,0.6772590011614371,1,532618.1508013938
2025-08-16 00:00:00.000 UTC,111212.96761133603,44977628,22767601,786432,1179648,6,9,131072,7163,3767271424,28742,4.01256456791847,525934.8630462097,0.4458405075464963,0.6687607613197452,1,525934.8630462097
2025-08-15 00:00:00.000 UTC,121728.799218641,44983687,22692083,786432,1179648,6,9,131072,7167,3778150400,28825,4.021905957862425,527159.2577089438,0.4468784397624919,0.6703176596437367,1,527159.2577089438
2025-08-14 00:00:00.000 UTC,123024.02658830115,44977855,22672522,786432,1179648,6,9,131072,7146,4041736192,30836,4.315141337811363,565594.205429611,0.47946014864570374,0.7191902229685624,1.0044780296669464,568217.1127903722
2025-08-13 00:00:00.000 UTC,127520.10900209351,44978666,22721687,786432,1179648,6,9,131072,7165,3826909184,29197,4.074947662247034,534111.5399860432,0.45277196247189316,0.6791579437078396,1.0023726448011165,535629.8897418004
2025-08-12 00:00:00.000 UTC,120000.98032100488,44979364,22725469,786432,1179648,6,9,131072,7165,3761242112,28696,4.005024424284717,524946.5613398465,0.4450027138094144,0.6675040707141194,1,524946.5613398465
2025-08-11 00:00:00.000 UTC,119907.29017357223,44982727,22691511,786432,1179648,6,9,131072,7144,3807772672,29051,4.066489361702128,533002.8936170213,0.45183215130023524,0.677748226950354,1,533002.8936170213
2025-08-10 00:00:00.000 UTC,120162.40841134553,44975010,22689885,786432,1179648,6,9,131072,7157,3873570816,29553,4.129244096688557,541228.2822411625,0.45880489963205834,0.6882073494480913,1,541228.2822411625
2025-08-09 00:00:00.000 UTC,122375.71851438146,44978255,22707957,786432,1179648,6,9,131072,7162,4074897408,31089,4.340826584752862,568960.8221167271,0.4823140649725354,0.7234710974588151,1.0006981290142418,569381.7458810388
2025-08-08 00:00:00.000 UTC,123214.81852472758,44977021,22694966,786432,1179648,6,9,131072,7158,4140957696,31593,4.413663034367142,578507.64124057,0.49040700381856617,0.7356105057278569,1.0600726459905,622527.9105895502
2025-08-07 00:00:00.000 UTC,120413.34847637685,44970608,22704772,786432,1179648,6,9,131072,7154,3887464448,29659,4.145792563600783,543397.3228962818,0.4606436181778645,0.6909654272668008,1,543397.3228962818
2025-08-06 00:00:00.000 UTC,116407.75024444755,44977973,22668951,786432,1179648,6,9,131072,7159,3936354304,30032,4.194999301578433,549846.9484564883,0.4661110335087142,0.6991665502630738,1,549846.9484564883
2025-08-05 00:00:00.000 UTC,119084.71316855188,44972432,22707932,786432,1179648,6,9,131072,7161,3833331712,29246,4.084066471163245,535306.7605083089,0.4537851634625814,0.6806777451938739,1,535306.7605083089
2025-08-04 00:00:00.000 UTC,107195.84577808793,44976203,22742195,786432,1179648,6,9,131072,7165,3783262208,28864,4.0284717376133985,528019.8475924634,0.44760797084593057,0.6714119562688973,1,528019.8475924634
2025-08-03 00:00:00.000 UTC,96704.0556640625,44968554,22808734,786432,1179648,6,9,131072,7168,3570008064,27237,3.7998046875,498048,0.4222005208333299,0.6333007812499923,1,498048
2025-08-02 00:00:00.000 UTC,103896.59642008111,44970528,22795087,786432,1179648,6,9,131072,7151,3821404160,29155,4.077052160536988,534387.3807859041,0.45300579561521687,0.6795086934228298,1.000699202908684,534717.3061110334
2025-08-01 00:00:00.000 UTC,116063.15388919978,44969628,22708588,786432,1179648,6,9,131072,7148,4021288960,30680,4.292109681029658,562575.4001119194,0.4769010756699563,0.7153516135049408,1.0020984890878568,563877.3184107443
2025-07-31 00:00:00.000 UTC,104134.63380478925,44961568,22674206,786432,1179648,6,9,131072,7141,3829792768,29219,4.091723848200532,536310.4282313401,0.45463598313339326,0.6819539747000891,1,536310.4282313401
2025-07-30 00:00:00.000 UTC,99914.27162048698,44952741,22694900,786432,1179648,6,9,131072,7146,3749969920,28610,4.0036383991043945,524764.8922474112,0.44484871101159995,0.6672730665173982,1,524764.8922474112
2025-07-29 00:00:00.000 UTC,111272.46259264438,44953116,22711603,786432,1179648,6,9,131072,7151,3993501696,30468,4.260662844357433,558453.6003356174,0.47340698270637904,0.7101104740595727,1.0008390434904209,558985.1466927702
2025-07-28 00:00:00.000 UTC,116684.62246468037,44953696,22700029,786432,1179648,6,9,131072,7149,4160356352,31741,4.4399216673660655,581949.4127850049,0.49332462970733687,0.7399869445610169,1,581949.4127850049
2025-07-27 00:00:00.000 UTC,118342.42237411076,44954503,22752294,786432,1179648,6,9,131072,7169,3978952704,30357,4.234481796624355,555021.9980471474,0.47049797740270255,0.7057469661040604,1,555021.9980471474
2025-07-26 00:00:00.000 UTC,108411.33896412118,44955679,22780706,786432,1179648,6,9,131072,7163,3933863936,30013,4.190004188189306,549192.2289543487,0.4655560209099216,0.6983340313648853,1,549192.2289543487
2025-07-25 00:00:00.000 UTC,115247.95870660694,44933748,22681840,786432,1179648,6,9,131072,7144,4037672960,30805,4.312010078387458,565183.7849944009,0.47911223093193894,0.718668346397911,1,565183.7849944009
2025-07-24 00:00:00.000 UTC,117208.64717403469,44947280,22679986,786432,1179648,6,9,131072,7148,4108451840,31345,4.385142697257974,574769.4236149972,0.4872380774731028,0.7308571162096639,1,574769.4236149972
2025-07-23 00:00:00.000 UTC,114600.07199776318,44928898,22706537,786432,1179648,6,9,131072,7153,4151181312,31671,4.427652733118971,580341.2990353698,0.4919614147909923,0.7379421221864965,1,580341.2990353698
2025-07-22 00:00:00.000 UTC,115527.2743808591,44919258,22654846,786432,1179648,6,9,131072,7147,4443734016,33903,4.743668672170141,621762.1401986848,0.5270742969077874,0.7906114453616951,1.0006995942353436,622202.2868336365
2025-07-21 00:00:00.000 UTC,109549.41877357173,41505923,20907091,786432,1179648,6,9,131072,7159,4130996224,31517,4.402430507054058,577035.3714205895,0.4891589452282273,0.7337384178423468,1,577035.3714205895
2025-07-20 00:00:00.000 UTC,95692.26079061322,36991177,18656851,786432,1179648,6,9,131072,7159,4088659968,31194,4.357312473809191,571121.6605671183,0.48414583042324116,0.7262187456348679,1.0043302137169996,573959.5094286911
2025-07-19 00:00:00.000 UTC,92800.32764409625,36546959,18393899,786432,1179648,6,9,131072,7148,3957587968,30194,4.2241186345831006,553663.6776720762,0.4693465149536779,0.7040197724305169,1,553663.6776720762
2025-07-18 00:00:00.000 UTC,95951.4619246862,36389589,18334538,786432,1179648,6,9,131072,7170,4115791872,31401,4.379497907949791,574029.549790795,0.4866108786610844,0.729916317991631,1.0029288702928871,575894.1723849373
2025-07-17 00:00:00.000 UTC,92341.62085308057,36230036,18276840,786432,1179648,6,9,131072,7174,4063100928,30999,4.321020351268469,566364.7794814608,0.4801133723631622,0.7201700585447475,1.0036241984945637,568520.6891552829
2025-07-16 00:00:00.000 UTC,93624.14193998605,36129698,18208998,786432,1179648,6,9,131072,7165,3964665856,30248,4.221632937892533,553337.8724354501,0.46907032643250235,0.7036054896487569,1.0020935101186323,554673.2884856943
2025-07-15 00:00:00.000 UTC,94511.34523643464,36079019,18199966,786432,1179648,6,9,131072,7169,3822714880,29165,4.068210350118566,533228.4670107407,0.45202337223539557,0.6780350583530904,1,533228.4670107407
2025-07-14 00:00:00.000 UTC,95477.97724734785,36075553,18186329,786432,1179648,6,9,131072,7164,3759144960,28680,4.0033500837520934,524727.1021775544,0.4448166759724556,0.6672250139586838,1,524727.1021775544
2025-07-13 00:00:00.000 UTC,92486.3581901969,36062228,18191926,786432,1179648,6,9,131072,7161,3764649984,28722,4.010892333472978,525715.6799329702,0.44565470371922145,0.6684820555788283,1,525715.6799329702
2025-07-12 00:00:00.000 UTC,91949.66927265112,36067115,18177691,786432,1179648,6,9,131072,7163,3773300736,28788,4.01898645818791,526776.5930476057,0.4465540509097659,0.6698310763646513,1,526776.5930476057
2025-07-11 00:00:00.000 UTC,97082.86179885299,36035957,18142704,786432,1179648,6,9,131072,7149,3824025600,29175,4.080990348300461,534903.566932438,0.4534433720333857,0.6801650580500783,1.00055951881382,535233.5845572808
2025-07-10 00:00:00.000 UTC,94974.59036985345,36006047,18160900,786432,1179648,6,9,131072,7165,3975806976,30333,4.233496161898116,554892.8089323099,0.47038846243312293,0.705582693649686,1.002791346824843,556923.3730635032
2025-07-09 00:00:00.000 UTC,95076.07586786115,35999378,18168817,786432,1179648,6,9,131072,7144,3592945664,27412,3.837066069428891,502931.9238521836,0.4263406743809864,0.6395110115714774,1,502931.9238521836
2025-07-08 00:00:00.000 UTC,94215.67006565163,36003986,18145686,786432,1179648,6,9,131072,7159,3482583040,26570,3.7114122084089956,486462.22098058386,0.41237913426766676,0.6185687014014922,1.0002793686269031,486517.14708758204
2025-07-07 00:00:00.000 UTC,90971.73215034232,35997383,18163021,786432,1179648,6,9,131072,7157,3439853568,26244,3.6668995389129524,480627.8563643985,0.4074332821014395,0.6111499231521489,1,480627.8563643985
2025-07-06 00:00:00.000 UTC,89174.46770134228,35998831,18237627,786432,1179648,6,9,131072,7152,3559522304,27157,3.7971196868008947,497696.0715883669,0.42190218742232244,0.6328532811334756,1,497696.0715883669
2025-07-05 00:00:00.000 UTC,87885.20931859521,35995554,18207996,786432,1179648,6,9,131072,7147,3631874048,27709,3.8770113334266125,508167.62949489296,0.43077903704740184,0.6461685555710965,1.0079753742829158,513687.8018749126
2025-07-04 00:00:00.000 UTC,96830.55498185878,35997815,18157335,786432,1179648,6,9,131072,7166,3673423872,28026,3.9109684621825287,512618.4582751884,0.43455205135361663,0.6518280770304195,1.0011163829193412,513295.2185319565
2025-07-03 00:00:00.000 UTC,97111.00992729307,35996592,18140878,786432,1179648,6,9,131072,7152,3599761408,27464,3.8400447427293063,503322.34451901563,0.42667163808103437,0.6400074571215449,1,503322.34451901563
2025-07-02 00:00:00.000 UTC,95265.90190050307,35995915,18170846,786432,1179648,6,9,131072,7156,3763470336,28713,4.012437115707099,525918.1576299609,0.44582634618967865,0.6687395192845147,1,525918.1576299609
2025-07-01 00:00:00.000 UTC,97427.63706293706,35994513,18149604,786432,1179648,6,9,131072,7150,3741188096,28543,3.992027972027972,523243.09034965036,0.44355866355866075,0.6653379953379924,1,523243.09034965036
2025-06-30 00:00:00.000 UTC,94967.78581401843,35997359,18178864,786432,1179648,6,9,131072,7162,3754295296,28643,3.999301870985758,524196.4948338453,0.444366874553976,0.6665503118309604,1,524196.4948338453
2025-06-29 00:00:00.000 UTC,81801.80756302521,35997012,18233695,786432,1179648,6,9,131072,7140,3415343104,26057,3.649439775910364,478339.37030812324,0.40549330843448544,0.6082399626517169,1,478339.37030812324
2025-06-28 00:00:00.000 UTC,94430.32704929479,35997586,18232139,786432,1179648,6,9,131072,7161,3470655488,26479,3.6976679234743752,484660.7300656333,0.41085199149715346,0.616277987245723,1,484660.7300656333
2025-06-27 00:00:00.000 UTC,94283.64150943396,35995530,18147525,786432,1179648,6,9,131072,7155,3490316288,26629,3.7217330538085256,487814.99482879107,0.4135258948676132,0.6202888423014169,1,487814.99482879107
2025-06-26 00:00:00.000 UTC,97596.06060606061,35996722,18158297,786432,1179648,6,9,131072,7161,3684827136,28113,3.925848345203184,514568.79430247174,0.4362053716892432,0.6543080575338629,1,514568.79430247174
2025-06-25 00:00:00.000 UTC,101339.8754711713,35997746,18103237,786432,1179648,6,9,131072,7163,3632660480,27715,3.8691888873377076,507142.325841128,0.42990987637085737,0.644864814556282,1.0022337009632836,508770.8904090465
2025-06-24 00:00:00.000 UTC,96962.31975446429,35995442,18170356,786432,1179648,6,9,131072,7168,3551133696,27093,3.7797154017857144,495414.85714285716,0.41996837797619196,0.6299525669642801,1,495414.85714285716
2025-06-23 00:00:00.000 UTC,92943.06853146853,35992878,18168404,786432,1179648,6,9,131072,7150,3658219520,27910,3.9034965034965037,511639.09370629373,0.43372183372183637,0.6505827505827455,1,511639.09370629373
2025-06-22 00:00:00.000 UTC,89128.58482642777,35994936,18190121,786432,1179648,6,9,131072,7144,3626893312,27671,3.873320268756999,507683.83426651737,0.430368918750779,0.6455533781261595,1.0027995520716686,509573.5901455767
2025-06-21 00:00:00.000 UTC,86471.20925356443,35995890,18262356,786432,1179648,6,9,131072,7154,3654156288,27879,3.896980710092256,510785.0556332122,0.43299785667691604,0.6494967850153706,1.0006989097008667,511224.7715963097
2025-06-20 00:00:00.000 UTC,101076.82906700237,35995619,18184002,786432,1179648,6,9,131072,7149,3825205248,29184,4.082249265631557,535068.5757448594,0.45358325173683783,0.6803748776052608,1.1533081549867115,652279.8355014687
2025-06-19 00:00:00.000 UTC,97295.2001396648,35995573,18169587,786432,1179648,6,9,131072,7160,3523477504,26882,3.754469273743017,492105.7966480447,0.41716325263811554,0.625744878957163,1,492105.7966480447
2025-06-18 00:00:00.000 UTC,94211.02055081783,35996532,18155867,786432,1179648,6,9,131072,7153,3990224896,30443,4.255976513351041,557839.3535579477,0.4728862792612269,0.7093294188918424,1.0065706696490984,561980.5910806655
2025-06-17 00:00:00.000 UTC,94128.72447121446,35995166,18172067,786432,1179648,6,9,131072,7139,3879075840,29595,4.145538590839053,543364.0341784564,0.46061539898211584,0.6909230984731737,1,543364.0341784564
2025-06-16 00:00:00.000 UTC,95297.52596221134,35992339,18236795,786432,1179648,6,9,131072,7145,4071227392,31061,4.3472358292512245,569800.8946116165,0.4830262032501339,0.7245393048752058,1.0103568929321203,577138.7252624213
2025-06-15 00:00:00.000 UTC,83229.08632286996,35994154,18235023,786432,1179648,6,9,131072,7136,3567648768,27219,3.814321748878924,499950.7802690583,0.4238135276532174,0.6357202914798153,1,499950.7802690583
2025-06-14 00:00:00.000 UTC,85722.79955301019,35992419,18199828,786432,1179648,6,9,131072,7159,3900178432,29756,4.156446431065791,544793.7466126553,0.4618273812295343,0.6927410718442997,1,544793.7466126553
2025-06-13 00:00:00.000 UTC,93379.96994688286,35991430,18173624,786432,1179648,6,9,131072,7154,4019716096,30668,4.286832541235673,561883.7148448421,0.47631472680396136,0.7144720902059399,1.0239027117696393,578867.7439194856
2025-06-12 00:00:00.000 UTC,93340.57880776211,35992697,18176628,786432,1179648,6,9,131072,7163,4132569088,31529,4.4016473544604215,576932.7220438364,0.489071928273382,0.7336078924100752,1.1800921401647355,713366.1761831634
2025-06-11 00:00:00.000 UTC,92138.31366242483,35989533,18142514,786432,1179648,6,9,131072,7151,3953524736,30163,4.2180114669277025,552863.1989931478,0.4686679407697439,0.7030019111546166,1.0002796811634735,553028.1616557125
2025-06-10 00:00:00.000 UTC,94015.93180547791,35989427,18209195,786432,1179648,6,9,131072,7156,3996778496,30493,4.2611794298490775,558521.3102291783,0.47346438109434585,0.7101965716415181,1.0011179429849077,558905.9541643376
2025-06-09 00:00:00.000 UTC,98193.92568229532,35992062,18217892,786432,1179648,6,9,131072,7145,3713138688,28329,3.9648705388383485,519683.51126662,0.4405411709820397,0.6608117564730572,1,519683.51126662
2025-06-08 00:00:00.000 UTC,91987.59440950384,35990248,18206410,786432,1179648,6,9,131072,7155,3694002176,28183,3.9389238294898674,516282.6241788959,0.4376582032766495,0.656487304914975,1,516282.6241788959
2025-06-07 00:00:00.000 UTC,101938.81222951277,35989068,18178204,786432,1179648,6,9,131072,7163,3420848128,26099,3.64358509004607,477571.9849225185,0.4048427877828958,0.6072641816743377,1,477571.9849225185
2025-06-06 00:00:00.000 UTC,90560.29401063532,35988329,18184449,786432,1179648,6,9,131072,7146,3850108928,29374,4.110551357402743,538778.1875174923,0.4567279286002949,0.6850918929004511,1.0025188916876575,540153.8382311782
2025-06-05 00:00:00.000 UTC,91478.77991033903,35990433,18176563,786432,1179648,6,9,131072,7138,3822583808,29164,4.085738302045391,535525.8907256934,0.45397092244948783,0.6809563836742311,1.0032221910899413,537545.773045671
2025-06-04 00:00:00.000 UTC,93998.37120044824,35991268,18176526,786432,1179648,6,9,131072,7139,3741581312,28546,3.9985992435915394,524104.40005603025,0.4442888048435045,0.6664332072652552,1,524104.40005603025
2025-06-03 00:00:00.000 UTC,88665.21272727272,35989851,18160910,786432,1179648,6,9,131072,7150,3922460672,29926,4.1854545454545455,548595.8981818182,0.46505050505050277,0.697575757575754,1.0002797202797202,548595.8981818182
2025-06-02 00:00:00.000 UTC,95596.87305372422,35989040,18198925,786432,1179648,6,9,131072,7129,3317301248,25309,3.5501472857343246,465324.9050357694,0.39446080952603846,0.5916912142890423,1,465324.9050357694
2025-06-01 00:00:00.000 UTC,102712.59414811704,35992905,18188978,786432,1179648,6,9,131072,7143,3185836032,24306,3.402771944561109,446008.12431751366,0.3780857716178993,0.5671286574268388,1,446008.12431751366
2025-05-31 00:00:00.000 UTC,92255.17724350013,35990553,18182025,786432,1179648,6,9,131072,7154,3400138752,25941,3.626083310036343,475277.9916130836,0.40289814555959,0.6043472183393825,1,475277.9916130836
2025-05-30 00:00:00.000 UTC,92847.24895163545,35988605,18172141,786432,1179648,6,9,131072,7154,3948937216,30128,4.211350293542075,551990.1056751468,0.4679278103935614,0.7018917155903457,1.0023762929829465,553694.0050321498
2025-05-29 00:00:00.000 UTC,91506.66045925512,35988584,18178881,786432,1179648,6,9,131072,7142,3868327936,29513,4.132315877905349,541630.9067488099,0.459146208656145,0.6887193129842226,1.004060487258471,543796.4760571269
2025-05-28 00:00:00.000 UTC,89762.54059739166,35989695,18171293,786432,1179648,6,9,131072,7131,3992715264,30462,4.271771140092554,559909.5868742112,0.47464123778805956,0.7119618566820886,1.9221708035338663,1263022.3643247792
2025-05-27 00:00:00.000 UTC,88958.60025150202,35988380,18202144,786432,1179648,6,9,131072,7157,3542876160,27030,3.776722090261283,495022.51781472686,0.4196357878068116,0.6294536817102094,1,495022.51781472686
2025-05-26 00:00:00.000 UTC,89382.97421524664,35990713,18182046,786432,1179648,6,9,131072,7136,3625582592,27661,3.876261210762332,508069.3094170404,0.4306956900847024,0.6460435351270498,1,508069.3094170404
2025-05-25 00:00:00.000 UTC,84246.27003923767,35989032,18211439,786432,1179648,6,9,131072,7136,3571187712,27246,3.8181053811659194,500446.7085201794,0.42423393124065517,0.6363508968609813,1,500446.7085201794
2025-05-24 00:00:00.000 UTC,86746.36149642707,35990213,18187339,786432,1179648,6,9,131072,7137,3706585088,28279,3.9623090934566343,519347.77749754797,0.44025656593962303,0.6603848489094383,1,519347.77749754797
2025-05-23 00:00:00.000 UTC,90626.6780467329,35988376,18183471,786432,1179648,6,9,131072,7147,3738566656,28523,3.9909052749405345,523095.93619700574,0.4434339194378333,0.6651508791567522,1,523095.93619700574
2025-05-22 00:00:00.000 UTC,89384.11061390015,35987219,18147771,786432,1179648,6,9,131072,7151,3751280640,28620,4.002237449307789,524581.2669556706,0.4446930499230848,0.6670395748846297,1,524581.2669556706
2025-05-21 00:00:00.000 UTC,94044.24201680672,35985133,18210903,786432,1179648,6,9,131072,7140,3775660032,28806,4.034453781512605,528803.9260504202,0.4482726423902883,0.6724089635854319,1,528803.9260504202
2025-05-20 00:00:00.000 UTC,88638.54774926377,35985741,18161005,786432,1179648,6,9,131072,7131,3440640000,26250,3.6811106436684895,482490.53428691626,0.4090122937409434,0.6135184406114067,1,482490.53428691626
2025-05-19 00:00:00.000 UTC,90586.09758494805,35985207,18155878,786432,1179648,6,9,131072,7122,3266183168,24919,3.4988767200224657,458604.76944678463,0.38876408000249607,0.5831461200037344,1,458604.76944678463
2025-05-18 00:00:00.000 UTC,82929.82818641212,35984744,18256276,786432,1179648,6,9,131072,7124,3268935680,24940,3.5008422234699608,458862.3919146547,0.3889824692744429,0.5834737039116501,1,458862.3919146547
2025-05-17 00:00:00.000 UTC,89901.7640213124,35986248,18189199,786432,1179648,6,9,131072,7132,3166306304,24157,3.3871284352215367,443957.69826135726,0.37634760391350425,0.5645214058702478,1,443957.69826135726
2025-05-16 00:00:00.000 UTC,89325.48551336146,35985446,18149230,786432,1179648,6,9,131072,7110,3364225024,25667,3.609985935302391,473168.076511955,0.4011095483669311,0.6016643225503927,1,473168.076511955
2025-05-15 00:00:00.000 UTC,89625.27491215742,35986204,18160490,786432,1179648,6,9,131072,7115,3372875776,25733,3.616725228390724,474051.40913562896,0.40185835871008124,0.6027875380651143,1,474051.40913562896
2025-05-14 00:00:00.000 UTC,89362.33572635135,35984366,18151759,786432,1179648,6,9,131072,7104,3488743424,26617,3.7467623873873874,491095.63963963964,0.41630693193193025,0.6244603978978885,1,491095.63963963964
2025-05-13 00:00:00.000 UTC,89163.7596005064,35985431,18174482,786432,1179648,6,9,131072,7109,3550871552,27091,3.810803207202138,499489.59797439864,0.4234225785780131,0.6351338678670166,1,499489.59797439864
2025-05-12 00:00:00.000 UTC,89521.40445007745,35987600,18175056,786432,1179648,6,9,131072,7101,3646816256,27823,3.9181805379524013,513563.75947049714,0.4353533931058161,0.6530300896587317,1,513563.75947049714
2025-05-11 00:00:00.000 UTC,87087.69222112815,35987907,18148389,786432,1179648,6,9,131072,7109,3352952832,25581,3.5983963989309324,471649.0128006752,0.39982182210343425,0.5997327331551471,1,471649.0128006752
2025-05-10 00:00:00.000 UTC,89270.7757285654,35987530,18203767,786432,1179648,6,9,131072,7103,3292266496,25118,3.5362522877657327,463503.6598620301,0.39291692086285823,0.5893753812942804,1,463503.6598620301
2025-05-09 00:00:00.000 UTC,91872.90745973439,35987456,18182871,786432,1179648,6,9,131072,7078,3285057536,25063,3.540972025996044,464122.2853913535,0.39344133622178495,0.5901620043326692,1,464122.2853913535
2025-05-08 00:00:00.000 UTC,89946.310719323,35987021,18256571,786432,1179648,6,9,131072,7090,3224371200,24600,3.469675599435825,454777.32016925246,0.3855195110484221,0.5782792665726264,1,454777.32016925246
2025-05-07 00:00:00.000 UTC,83511.96518897414,35985296,18233731,786432,1179648,6,9,131072,7038,2868641792,21886,3.1096902529127592,407593.3208297812,0.4186006125477547,0.7375201288244745,345867709.6213413,131144625157007.39
2025-05-06 00:00:00.000 UTC,83166.97431218416,35980665,18251699,393216,786432,3,6,131072,7124,2812936192,21461,3.0124929814710835,394853.48006737785,0.5020821635785044,1.0041643271570089,2028577038.2661426,766075434517758.8
2025-05-05 00:00:00.000 UTC,82508.86222346681,35977288,18244302,393216,786432,3,6,131072,7142,2750939136,20988,2.938672640716886,385177.7003640437,0.48977877345280574,0.9795575469056115,1195920188.3230188,453059651473010
2025-05-04 00:00:00.000 UTC,74749.09350904248,35976623,18290692,393216,786432,3,6,131072,7133,2786197504,21257,2.9800925276882095,390606.687789149,0.49668208794802804,0.9933641758960561,716563925.2470208,271613389352354.2
2025-05-03 00:00:00.000 UTC,68899.0163659253,35976481,18324693,393216,786432,3,6,131072,7149,2859466752,21816,3.0516156105749057,399981.36130927404,0.5086026017624765,1.017205203524953,123843699.89774793,47067488409577.37
2025-05-02 00:00:00.000 UTC,84771.19179429534,35970913,18262747,393216,786432,3,6,131072,7117,2746220544,20952,2.943937052128706,385867.71729661373,0.4906561753547777,0.9813123507095554,3871261493.0404663,1468103176799683.8
2025-05-01 00:00:00.000 UTC,95013.17566241413,35973012,18246575,393216,786432,3,6,131072,7133,2796027904,21332,2.9906070377120426,391984.84564699285,0.4984345062853334,0.9968690125706668,14414331037.624142,5452200157724394
2025-04-30 00:00:00.000 UTC,93066.63894722106,35970951,18239007,393216,786432,3,6,131072,7143,2811232256,21448,3.002659946801064,393564.6445471091,0.5004433244668389,1.0008866489336778,8264397515.182837,3124211121229320
2025-04-29 00:00:00.000 UTC,93180.29390380313,35966196,18228014,393216,786432,3,6,131072,7152,2809397248,21434,2.996923937360179,392812.8143176734,0.4994873228933591,0.9989746457867182,5171366729.630733,1960448888659290
2025-04-28 00:00:00.000 UTC,95050.95167597766,35964386,18240814,393216,786432,3,6,131072,7160,2815426560,21480,3,393216,0.49999999999999567,0.9999999999999913,7075903086.629889,2679522486757314
2025-04-27 00:00:00.000 UTC,81474.03370473538,35960884,18308890,393216,786432,3,6,131072,7180,2876112896,21943,3.0561281337047355,400572.8267409471,0.5093546889507825,1.018709377901565,1656577606.511142,627107005851183.6
2025-04-26 00:00:00.000 UTC,94993.88060741154,35965156,18281625,393216,786432,3,6,131072,7178,2791702528,21299,2.9672610755084983,388924.8436890499,0.49454351258474555,0.9890870251694911,2132055128.6443298,807514175900010.4
2025-04-25 00:00:00.000 UTC,99373.99609647288,35961960,18218106,393216,786432,3,6,131072,7173,2829582336,21588,3.0096194061062316,394476.834797156,0.5016032343510362,1.0032064687020723,12209963964.115015,4618217613883439
2025-04-24 00:00:00.000 UTC,96266.30612244898,35957136,18244162,393216,786432,3,6,131072,7154,2835349504,21632,3.023762929829466,396330.65473860776,0.5039604883049126,1.0079209766098252,4047151086.4897957,1528844246245836.2
2025-04-23 00:00:00.000 UTC,122978.43285873813,35953370,18208411,393216,786432,3,6,131072,7164,2753953792,21011,2.93285873813512,384415.66052484646,0.4888097896891886,0.9776195793783772,33965900762.659687,12790332670747488
2025-04-22 00:00:00.000 UTC,94509.21294101242,35957708,18249191,393216,786432,3,6,131072,7171,2890137600,22050,3.074884953284061,403031.32059684844,0.5124808255473323,1.0249616510946646,21867251984.360897,8255017725968409
2025-04-21 00:00:00.000 UTC,80537.22140066964,35948697,18275903,393216,786432,3,6,131072,7168,2791309312,21296,2.970982142857143,389412.5714285714,0.49516369047618325,0.9903273809523665,1418486709.36649,536904157705526.9
2025-04-20 00:00:00.000 UTC,65435.834008662845,35960473,18348380,393216,786432,3,6,131072,7157,2697723904,20582,2.875785943831214,376935.0152298449,0.4792976573051942,0.9585953146103884,6024.918820734945,2281008619.182339
2025-04-19 00:00:00.000 UTC,70461.73545416493,35951609,18331487,393216,786432,3,6,131072,7167,2689597440,20520,2.863122645458351,375275.211385517,0.4771871075763841,0.9543742151527682,110213641.88656342,41579779716040.7
2025-04-18 00:00:00.000 UTC,92524.78504672897,35957064,18265082,393216,786432,3,6,131072,7169,2815950848,21484,2.9967917422234622,392795.48723671364,0.49946529037057724,0.9989305807411545,10566477468.54652,4004701999686643.5
2025-04-17 00:00:00.000 UTC,104414.53693618209,35951034,18259738,393216,786432,3,6,131072,7161,2840068096,21668,3.0258343806730905,396602.1639435833,0.50430573011218,1.00861146022436,20479008422.415306,7754773208002112
2025-04-16 00:00:00.000 UTC,87881.91660856227,35959104,18278639,393216,786432,3,6,131072,7171,2840592384,21672,3.0221726397991913,396122.2122437596,0.5036954399665257,1.0073908799330513,6722716243.12188,2539510297074657.5
2025-04-15 00:00:00.000 UTC,84051.63090248672,35951805,18239930,393216,786432,3,6,131072,7158,2778464256,21198,2.961441743503772,388162.0922045264,0.4935736239172867,0.9871472478345734,2990162682.743364,1128992664311702.2
2025-04-14 00:00:00.000 UTC,84065.73409598214,35955702,18246447,393216,786432,3,6,131072,7168,2875719680,21940,3.060825892857143,401188.5714285714,0.5101376488095155,1.020275297619031,1100339835.4762836,415575276333897.1
2025-04-13 00:00:00.000 UTC,74241.32678372352,35954267,18291261,393216,786432,3,6,131072,7176,2734030848,20859,2.906772575250836,380996.4949832776,0.48446209587513145,0.9689241917502629,55.939241917502784,21067339.915273134
2025-04-12 00:00:00.000 UTC,78944.78013097394,35956668,18231402,393216,786432,3,6,131072,7177,2780954624,21217,2.956249129162603,387481.4858576007,0.4927081881937595,0.985416376387519,2386732444.945799,902902219882630.8
2025-04-11 00:00:00.000 UTC,84962.11552396878,35954068,18196683,393216,786432,3,6,131072,7176,2847539200,21725,3.027452619843924,396814.2697881828,0.5045754366406456,1.0091508732812913,2150624141.996516,810764986356986
2025-04-10 00:00:00.000 UTC,87902.5440992058,35958341,18210442,393216,786432,3,6,131072,7177,2790785024,21292,2.966699177929497,388851.19464957505,0.49444986298824195,0.9888997259764839,7240881696.666992,2724728605676569.5
2025-04-09 00:00:00.000 UTC,93151.58892453619,35953934,18226341,393216,786432,3,6,131072,7169,2823028736,21538,3.004324173524899,393782.77807225555,0.5007206955874757,1.0014413911749513,1128620679.736086,424336042611530.75
2025-04-08 00:00:00.000 UTC,89117.1782675408,35955547,18201723,393216,786432,3,6,131072,7169,2816868352,21491,2.997768168503278,392923.4693820617,0.4996280280838702,0.9992560561677404,3806602944.219417,1432902734334991.5
2025-04-07 00:00:00.000 UTC,95275.30573426574,35957903,18187024,393216,786432,3,6,131072,7150,2765619200,21100,2.9510489510489513,386799.88811188814,0.49184149184149173,0.9836829836829835,7546555319.562378,2831188361281792.5
2025-04-06 00:00:00.000 UTC,81732.89965059399,35953107,18322522,393216,786432,3,6,131072,7155,2681602048,20459,2.8593990216631724,374787.14856743533,0.47656650361051733,0.9531330072210347,2368470933.6867924,892132283685337.8
2025-04-05 00:00:00.000 UTC,65555.06782268215,35954266,18295920,393216,786432,3,6,131072,7151,2519072768,19219,2.687596140399944,352268.6013145015,0.44793269006664943,0.8958653801332989,36094.95287372395,13713240874.493637
2025-04-04 00:00:00.000 UTC,80511.59375435661,35959727,18243956,393216,786432,3,6,131072,7173,2652635136,20238,2.821413634462568,369808.3278962777,0.4702356057437508,0.9404712114875016,1271110.7833542451,479909445823.86615
2025-04-03 00:00:00.000 UTC,98692.71412603046,35949913,18184579,393216,786432,3,6,131072,7157,2785804288,21254,2.9696800335336033,389241.90135531646,0.4949466722555932,0.9898933445111864,37016740.43789297,13987797446578.738
2025-04-02 00:00:00.000 UTC,106711.80027894003,35958116,18226234,393216,786432,3,6,131072,7170,2706374656,20648,2.8797768479776846,377458.1110181311,0.4799628079962746,0.9599256159925492,1697.3655509065552,646208176.3793584
2025-04-01 00:00:00.000 UTC,109452.2016748081,35951546,18210546,393216,786432,3,6,131072,7165,2774269952,21166,2.954082344731333,387197.48108862527,0.49234705745522195,0.9846941149104439,4213772262.6810884,1593612953858656.8
2025-03-31 00:00:00.000 UTC,104594.62580284837,35953824,18211157,393216,786432,3,6,131072,7162,2812674048,21459,2.9962301033230943,392721.8721027646,0.49937168388718023,0.9987433677743605,1233511116.4703994,464535975994458.06
2025-03-30 00:00:00.000 UTC,92640.42616092596,35955018,18297379,393216,786432,3,6,131072,7171,2776367104,21182,2.9538418630595453,387165.9606749407,0.49230697717658145,0.9846139543531629,22831.846046576487,8604176530.795706
2025-03-29 00:00:00.000 UTC,97750.2022927443,35959115,18287830,393216,786432,3,6,131072,7153,2800877568,21369,2.9874178666293862,391566.8346148469,0.49790297777155706,0.9958059555431141,71079871.41003774,26729218426849.938
2025-03-28 00:00:00.000 UTC,104578.67765363128,35953349,18230716,393216,786432,3,6,131072,7160,2820014080,21515,3.0048882681564244,393856.71508379886,0.5008147113594009,1.0016294227188018,1077119312.2146647,406853692805234.44
2025-03-27 00:00:00.000 UTC,99174.96244065903,35963075,18239437,393216,786432,3,6,131072,7162,2832334848,21609,3.017173973750349,395467.02708740573,0.5028623289583808,1.0057246579167616,17734623.342781346,6713521562316.028
2025-03-26 00:00:00.000 UTC,100293.09754738015,35954863,18227112,393216,786432,3,6,131072,7176,2798125056,21348,2.9749163879598663,389928.2408026756,0.49581939799330216,0.9916387959866043,8443621.866917502,3189958252628.477
2025-03-25 00:00:00.000 UTC,100771.42517482517,35955188,18238197,393216,786432,3,6,131072,7150,2751201280,20990,2.9356643356643355,384783.3958041958,0.4892773892773823,0.9785547785547646,2163356.8075524475,818722830715.8109
2025-03-24 00:00:00.000 UTC,119469.90008372872,35952773,18257285,393216,786432,3,6,131072,7166,2699689984,20597,2.8742673737091824,376735.97320680995,0.4790445622848589,0.9580891245697178,221690.5707507675,83774440713.50266
2025-03-23 00:00:00.000 UTC,78916.36795872838,35959481,18332525,393216,786432,3,6,131072,7172,2559180800,19525,2.7223926380368098,356829.4478527607,0.4537321063394662,0.9074642126789324,97.40184049079754,36098182.781929724
2025-03-22 00:00:00.000 UTC,70004.46261160714,35962376,18342818,393216,786432,3,6,131072,7168,2726428672,20801,2.9019252232142856,380361.14285714284,0.4836542038690452,0.9673084077380903,150397813.88797432,56851543870756.57
2025-03-21 00:00:00.000 UTC,81777.13475473801,35956134,18301634,393216,786432,3,6,131072,7176,2764963840,21095,2.9396599777034558,385307.11259754736,0.48994332961724146,0.9798866592344829,11214685.852564102,4230090192861.7524
2025-03-20 00:00:00.000 UTC,91541.39667690589,35941001,18250888,393216,786432,3,6,131072,7162,2680029184,20447,2.8549287908405474,374201.22647305223,0.47582146514009105,0.9516429302801821,476.9472214465233,179575759.10192683
2025-03-19 00:00:00.000 UTC,94991.1032411288,35951436,18246200,393216,786432,3,6,131072,7158,2738749440,20895,2.9191114836546523,382613.7803855826,0.4865185806091068,0.9730371612182136,16458051.93098631,6215368020349.104
2025-03-18 00:00:00.000 UTC,89415.71344702264,35952689,18270466,393216,786432,3,6,131072,7154,2740191232,20906,2.9222812412636285,383029.2468549063,0.4870468735439391,0.9740937470878782,280442030.03885937,106288514554871.12
2025-03-17 00:00:00.000 UTC,86295.55131964809,35954156,18278096,393216,786432,3,6,131072,7161,2831024128,21599,3.016198854908532,395339.2163105711,0.5026998091514225,1.005399618302845,3692529637.608295,1397830232730413
2025-03-16 00:00:00.000 UTC,80954.69375785504,35945979,18341276,393216,786432,3,6,131072,7161,2846621696,21718,3.0328166457198713,397517.343387795,0.5054694409533124,1.0109388819066247,111327713.97067448,42102736804671.95
2025-03-15 00:00:00.000 UTC,67579.4479006835,35949986,18340390,393216,786432,3,6,131072,7169,2766929920,21110,2.9446226809875853,385957.5840424048,0.4907704468312626,0.9815408936625252,321459870.98870134,121804805411011.97
2025-03-14 00:00:00.000 UTC,87186.97723463687,35946543,18294493,393216,786432,3,6,131072,7160,2833514496,21618,3.0192737430167598,395742.24804469274,0.5032122905027964,1.0064245810055927,1442612832.7956705,544640444322656.94
2025-03-13 00:00:00.000 UTC,87732.94043799693,35948842,18266640,393216,786432,3,6,131072,7169,2781216768,21219,2.959827033059004,387950.4488771098,0.49330450550983324,0.9866090110196665,4006588000.1952853,1514554370733177.5
2025-03-12 00:00:00.000 UTC,97465.46843575418,35950669,18248823,393216,786432,3,6,131072,7160,2813984768,21469,2.998463687150838,393014.63240223465,0.4997439478584764,0.9994878957169528,4260297482.9843574,1607293550333444
2025-03-11 00:00:00.000 UTC,113420.57775604303,35948563,18192786,393216,786432,3,6,131072,7157,2805858304,21407,2.9910577057426297,392043.91560709797,0.49850961762377355,0.9970192352475471,4576853354.862931,1722051403535072.5
2025-03-10 00:00:00.000 UTC,117404.53416235853,35950427,18249615,393216,786432,3,6,131072,7157,2814640128,21474,3.000419170043314,393270.94145591726,0.5000698616738871,1.0001397233477742,16623208051.25723,6226209291504260
2025-03-09 00:00:00.000 UTC,98527.74832402235,35950173,18282126,393216,786432,3,6,131072,7160,2844786688,21704,3.0312849162011175,397316.5765363129,0.5052141527001848,1.0104283054003695,1435430957.084637,539261055812169.8
2025-03-08 00:00:00.000 UTC,90519.6163310962,35947482,18269744,393216,786432,3,6,131072,7152,2749235200,20975,2.9327460850111855,384400.8948545861,0.4887910141685311,0.9775820283370622,54330758.70315996,20566952120255.855
2025-03-07 00:00:00.000 UTC,99952.22035794183,35951101,18221576,393216,786432,3,6,131072,7152,2844131328,21699,3.033976510067114,397669.36912751675,0.5056627516778539,1.0113255033557078,2094754192.8912191,790444051200142
2025-03-06 00:00:00.000 UTC,96508.14515227717,35951932,18219412,393216,786432,3,6,131072,7158,2803367936,21388,2.9879854708019,391641.2316289466,0.49799757846698406,0.9959951569339681,368539485.78667223,138965806364215.94
2025-03-05 00:00:00.000 UTC,90550.04579726333,35948604,18232481,393216,786432,3,6,131072,7162,2764570624,21092,2.9449874336777437,386005.3929070092,0.49083123894629094,0.9816624778925819,826718631.1223122,311271385944758.3
2025-03-04 00:00:00.000 UTC,100817.90273513815,35948435,18217288,393216,786432,3,6,131072,7166,2805596160,21405,2.987022048562657,391514.9539492046,0.4978370080937779,0.9956740161875558,3304892842.0605636,1240927504547506.2
2025-03-03 00:00:00.000 UTC,100547.44326587579,35942606,18226828,393216,786432,3,6,131072,7165,2825519104,21557,3.008653175157013,394350.18897418,0.5014421958595051,1.0028843917190102,4672816448.9293785,1758037847620591.5
2025-03-02 00:00:00.000 UTC,77559.77903248293,35943668,18313582,393216,786432,3,6,131072,7173,2760769536,21063,2.9364282726892514,384883.52655792556,0.48940471211487613,0.9788094242297523,152030750.63083786,57186451286152.766
2025-03-01 00:00:00.000 UTC,121176.51401478176,35944201,18273141,393216,786432,3,6,131072,7171,2647261184,20197,2.81648305675638,369162.0672151722,0.4694138427927321,0.9388276855854641,94.92957746478874,35403166.826384045
2025-02-28 00:00:00.000 UTC,105001.44847301631,35947380,18212993,393216,786432,3,6,131072,7171,2835349504,21632,3.0165946172081997,395391.08966671315,0.5027657695347029,1.0055315390694057,3925583571.9686236,1475020676469273.5
2025-02-27 00:00:00.000 UTC,101551.98340769659,35944514,18225184,393216,786432,3,6,131072,7172,2759983104,21057,2.9360011154489682,384827.53820412717,0.48933351924149737,0.9786670384829947,2477939150.286531,935348612024236.6
2025-02-26 00:00:00.000 UTC,96131.00934970695,35943744,18252814,393216,786432,3,6,131072,7166,2832990208,21614,3.0161875523304493,395337.73485905665,0.5026979253884098,1.0053958507768197,10810665398.267374,4062888227735616.5
2025-02-25 00:00:00.000 UTC,95200.47255969836,35943313,18172092,393216,786432,3,6,131072,7161,2789474304,21282,2.97193129451194,389536.978634269,0.49532188241865915,0.9906437648373183,11324948192.284178,4255477348825690
2025-02-24 00:00:00.000 UTC,89658.0114589156,35951216,18274695,393216,786432,3,6,131072,7156,2890137600,22050,3.0813303521520403,403876.1319172722,0.5135550586920096,1.0271101173840191,4594449206.5841255,1738341984682322.8
2025-02-23 00:00:00.000 UTC,79478.46680642907,35953514,18313504,393216,786432,3,6,131072,7155,2751987712,20996,2.9344514325646402,384624.4181691125,0.48907523876077613,0.9781504775215523,76354961.98616353,28881951289157.95
2025-02-22 00:00:00.000 UTC,78401.6176100629,35940406,18266561,393216,786432,3,6,131072,7155,2755002368,21019,2.937665967854647,385045.7537386443,0.4896109946424435,0.979221989284887,4016364036.3826694,1512970704661268
2025-02-21 00:00:00.000 UTC,90095.56073722424,35948990,18220063,393216,786432,3,6,131072,7162,2839019520,21660,3.0242948896956157,396400.37978218374,0.5040491482826064,1.0080982965652128,12306334063.306479,4626597456789536
2025-02-20 00:00:00.000 UTC,84446.70383861025,35939410,18209008,393216,786432,3,6,131072,7138,2817916928,21499,3.0119080975063044,394776.81815634633,0.5019846829177205,1.003969365835441,3344361083.4707203,1262808351588035.2
2025-02-19 00:00:00.000 UTC,83213.36900936147,35939091,18224168,393216,786432,3,6,131072,7157,2820669440,21520,3.006846444040799,394113.3771133156,0.5011410740068023,1.0022821480136046,234263089.79069442,88621078106061.06
2025-02-18 00:00:00.000 UTC,92344.49001536098,35937875,18178957,393216,786432,3,6,131072,7161,2820276224,21517,3.004747940231811,393838.32202206395,0.5007913233719715,1.001582646743943,4195788474.995671,1584410540565341.5
2025-02-17 00:00:00.000 UTC,87561.84308510639,35933880,18189739,393216,786432,3,6,131072,7144,2825650176,21558,3.017637178051512,395527.74020156777,0.5029395296752538,1.0058790593505076,3327480661.3173294,1255533677859912.2
2025-02-16 00:00:00.000 UTC,84750.60366792664,35940379,18273264,393216,786432,3,6,131072,7143,2787377152,21266,2.9771804563908724,390224.9967800644,0.4961967427318131,0.9923934854636262,523756648.3698726,198471447724360
2025-02-15 00:00:00.000 UTC,89138.16000560932,35937088,18268566,393216,786432,3,6,131072,7131,2692743168,20544,2.8809423643247793,377610.8775767775,0.4801570607207984,0.9603141214415968,1809876.9478334035,685446370803.866
2025-02-14 00:00:00.000 UTC,89279.44177890012,35932798,18198559,393216,786432,3,6,131072,7128,2763128832,21081,2.9574915824915826,387644.3367003367,0.4929152637486006,0.9858305274972012,4553030201.308081,1720807390113272.5
2025-02-13 00:00:00.000 UTC,87649.70668905681,35932012,18180380,393216,786432,3,6,131072,7146,2797076480,21340,2.9862860341449764,391418.48306745035,0.4977143390241665,0.995428678048333,5674365747.49986,2140848331633044.8
2025-02-12 00:00:00.000 UTC,90256.06470175438,35922164,18210753,393216,786432,3,6,131072,7125,2809790464,21437,3.008701754385965,394356.5563508772,0.5014502923976637,1.0029005847953274,7561873276.460491,2851541028682683.5
2025-02-11 00:00:00.000 UTC,91790.80337941628,35903731,18160644,393216,786432,3,6,131072,7161,2820145152,21516,3.0046082949308754,393820.0184331797,0.5007680491551486,1.0015360983102972,3827433609.886189,1446044410910277.5
2025-02-10 00:00:00.000 UTC,87602.19352136274,35873844,18157896,393216,786432,3,6,131072,7162,2848456704,21732,3.0343479475006983,397718.0541748115,0.5057246579167871,1.0114493158335742,4445249310.69045,1680777585506846.8
2025-02-09 00:00:00.000 UTC,83823.32840195394,35889214,18230006,393216,786432,3,6,131072,7165,2806775808,21414,2.988695045359386,391734.23698534543,0.49811584089323263,0.9962316817864653,514621.1986043266,194728839468.41144
2025-02-08 00:00:00.000 UTC,76432.14040234702,35849385,18208722,393216,786432,3,6,131072,7158,2790391808,21289,2.9741547918412965,389828.4168762224,0.495692465306883,0.991384930613766,139281897.9706622,52624465546779.9
2025-02-07 00:00:00.000 UTC,86797.53940577486,35876214,18169790,393216,786432,3,6,131072,7169,2814771200,21475,2.995536337006556,392630.9387641233,0.49925605616776153,0.9985121123355231,2323387435.0757427,875237689162967
2025-02-06 00:00:00.000 UTC,86047.3484510187,35862536,18164670,393216,786432,3,6,131072,7166,2822111232,21531,3.004605079542283,393819.59698576614,0.5007675132570508,1.0015350265141016,3072933690.616383,1159062111860301
2025-02-05 00:00:00.000 UTC,87082.52686671319,35800352,18148741,393216,786432,3,6,131072,7165,2770337792,21136,2.949895324494068,386648.6799720865,0.49164922074901385,0.9832984414980277,3323834087.3688765,1253078242648175
2025-02-04 00:00:00.000 UTC,93609.63777436041,34911063,17631904,393216,786432,3,6,131072,7153,2820014080,21515,3.0078288829861597,394242.1473507619,0.5013048138310289,1.0026096276620577,6469981854.755767,2438129481083059.5
2025-02-03 00:00:00.000 UTC,81512.17437473802,30723127,15500652,393216,786432,3,6,131072,7157,2828402688,21579,3.0150901215593127,395193.89241302223,0.5025150202598883,1.0050300405197765,31629804.481486656,12020717203273.434
2025-02-02 00:00:00.000 UTC,76523.58694436679,30302949,15344406,393216,786432,3,6,131072,7154,2822635520,21535,3.010204081632653,394553.4693877551,0.5017006802721109,1.0034013605442218,5617999702.290886,2114420414295373.5
2025-02-01 00:00:00.000 UTC,73733.47619047618,30180876,15257977,393216,786432,3,6,131072,7161,2818179072,21501,3.002513615416841,393545.4645999162,0.5004189359028084,1.0008378718056168,435082527.5965647,164441837736516.56
2025-01-31 00:00:00.000 UTC,76920.46164594103,30266725,15282789,393216,786432,3,6,131072,7157,2809528320,21435,2.9949699594802293,392556.7025289926,0.4991616599133728,0.9983233198267456,4468398323.558614,1685203158145129.5
2025-01-30 00:00:00.000 UTC,76448.62852358358,30078942,15182858,393216,786432,3,6,131072,7166,2802450432,21381,2.983672899804633,391075.97432319284,0.49727881663410617,0.9945576332682123,218200779.03153783,82578813585381.14
2025-01-29 00:00:00.000 UTC,77032.955453149,30072943,15179245,393216,786432,3,6,131072,7161,2801532928,21374,2.9847786621980172,391220.9088116185,0.4974631103663373,0.9949262207326746,6603356204.262813,2492670363919504
2025-01-28 00:00:00.000 UTC,79728.57428092712,30080003,15191899,393216,786432,3,6,131072,7162,2805202944,21402,2.988271432560737,391678.71320860094,0.49804523876012136,0.9960904775202427,16412506716.14968,6189896183207571
2025-01-27 00:00:00.000 UTC,80176.93574017285,30064795,15161799,393216,786432,3,6,131072,7174,2875981824,21942,3.058544744912183,400889.57680512965,0.5097574574853663,1.0195149149707325,15795260022.26624,6013491674172473
2025-01-26 00:00:00.000 UTC,78038.39424822002,30070895,15196640,393216,786432,3,6,131072,7163,2789736448,21284,2.97138070640793,389464.8119503002,0.49523011773465436,0.9904602354693087,1112713055.568058,422127259020458.25
2025-01-25 00:00:00.000 UTC,80673.98855068417,30073059,15176386,393216,786432,3,6,131072,7162,2790522880,21290,2.9726333426417204,389628.9974867356,0.49543889044028555,0.9908777808805711,1226880455.345155,451122351536172.06
2025-01-24 00:00:00.000 UTC,82329.98465401786,30067757,15174616,393216,786432,3,6,131072,7168,2844393472,21701,3.0274832589285716,396818.28571428574,0.5045805431547621,1.0091610863095242,7719107519.042969,2939336247265024
2025-01-23 00:00:00.000 UTC,78933.17264480112,30041496,15173310,393216,786432,3,6,131072,7165,2794455040,21320,2.975575715282624,390014.6601535241,0.4959292858804365,0.991858571760873,19962569338.854153,7564967915471527
2025-01-22 00:00:00.000 UTC,76535.38557075076,30030909,15142534,393216,786432,3,6,131072,7166,2822373376,21533,3.0048841752721183,393856.1786212671,0.5008140292120182,1.0016280584240365,5821840147.730114,2211116164262933.5
2025-01-21 00:00:00.000 UTC,76482.42757368348,30030382,15149490,393216,786432,3,6,131072,7159,2818572288,21504,3.0037714764631933,393710.3349629837,0.500628579410532,1.001257158821064,19167085024.693394,7253994591153796
2025-01-20 00:00:00.000 UTC,78497.78067484662,30026760,15117248,393216,786432,3,6,131072,7172,2849112064,21737,3.030814277746793,397254.88901282765,0.5051357129577999,1.0102714259155998,19132403569.833797,7198752230948965
2025-01-19 00:00:00.000 UTC,80280.89832402235,30029452,15169000,393216,786432,3,6,131072,7160,2796814336,21338,2.980167597765363,390616.5273743017,0.4966945996275623,0.9933891992551246,15081178.50321229,5689704968095.893
2025-01-18 00:00:00.000 UTC,80942.8667783829,30030256,15164332,393216,786432,3,6,131072,7161,2797862912,21346,2.98086859377182,390708.40832285996,0.49681143229530433,0.9936228645906087,18499904220.139923,6996138027053958
2025-01-17 00:00:00.000 UTC,79029.44135716281,30028920,15161369,393216,786432,3,6,131072,7162,2819358720,21510,3.003351019268361,393655.2247975426,0.500558503211395,1.00111700642279,24001372233.845295,9086138086035982
2025-01-16 00:00:00.000 UTC,78459.03725927994,30026375,15144032,393216,786432,3,6,131072,7166,2819489792,21511,3.0018141222439296,393453.78063075634,0.5003023537073228,1.0006047074146456,33498919377.08945,12671795745676094
2025-01-15 00:00:00.000 UTC,77841.67992741485,30023717,15149405,393216,786432,3,6,131072,7164,2813198336,21463,2.995951982132887,392685.41820212174,0.4993253303554811,0.9986506607109622,32607862666.610554,12328429110298662
2025-01-14 00:00:00.000 UTC,76389.7241861115,30014351,15143170,393216,786432,3,6,131072,7157,2848849920,21735,3.036886963811653,398050.848120721,0.5061478273019424,1.0122956546038848,12304508648.025429,4667970400104732
2025-01-13 00:00:00.000 UTC,78366.13045302013,30014419,15159227,393216,786432,3,6,131072,7152,2801926144,21377,2.9889541387024607,391768.19686800893,0.4981590231170782,0.9963180462341564,19779170264.49273,7503964131554847
2025-01-12 00:00:00.000 UTC,72827.87590630229,30017522,15174181,393216,786432,3,6,131072,7172,2810576896,21443,2.9898215281650864,391881.8873396542,0.49830358802751445,0.9966071760550289,2519753768.7293644,955218774884589.6
2025-01-11 00:00:00.000 UTC,77777.22025139665,30017073,15161914,393216,786432,3,6,131072,7160,2822635520,21535,3.00768156424581,394222.8379888268,0.5012802607076364,1.0025605214152729,1157338158.2061453,438305498497097.25
2025-01-10 00:00:00.000 UTC,76535.49203688181,30015852,15140937,393216,786432,3,6,131072,7158,2815950848,21484,3.001397038278849,393399.1126012853,0.5002328397131418,1.0004656794262836,10508568368.700195,3969850850651435.5
2025-01-09 00:00:00.000 UTC,77285.45327559714,30015205,15143294,393216,786432,3,6,131072,7159,2794455040,21320,2.978069562788099,390341.5337337617,0.496344927131351,0.992689854262702,18354257638.038414,6935084318144887
2025-01-08 00:00:00.000 UTC,76650.05064174107,30013617,15134019,393216,786432,3,6,131072,7168,2826305536,21563,3.0082310267857144,394294.85714285716,0.5013718377976184,1.0027436755952368,18797906485.91811,7114832802922313
2025-01-07 00:00:00.000 UTC,77155.92345231456,30012112,15140451,393216,786432,3,6,131072,7172,2810314752,21441,2.989542665923034,391845.33630786394,0.49825711098717124,0.9965142219743425,19343565103.027187,7309183824793744
2025-01-06 00:00:00.000 UTC,78937.40131395023,30010921,15127710,393216,786432,3,6,131072,7154,2886991872,22026,3.0788370142577577,403549.3251327928,0.5131395023762938,1.0262790047525876,45700403240.6437,17277180114776802
2025-01-05 00:00:00.000 UTC,75729.44205228575,30011859,15136361,393216,786432,3,6,131072,7153,2644639744,20177,2.820774500209702,369724.5552914861,0.4701290833682844,0.9402581667365688,230753131.2720537,86346156810394.61
2025-01-04 00:00:00.000 UTC,76089.32723463688,30011488,15129977,393216,786432,3,6,131072,7160,2837184512,21646,3.0231843575418993,396254.8201117318,0.5038640595903155,1.007728119180631,1594191991.3196929,603538005386561.5
2025-01-03 00:00:00.000 UTC,77156.4648241206,30010643,15132902,393216,786432,3,6,131072,7164,2808348672,21426,2.990787269681742,392008.4690117253,0.49846454494696035,0.9969290898939207,9047853915.08473,3415648417966479
2025-01-02 00:00:00.000 UTC,67987.14022860328,30011471,15121263,393216,786432,3,6,131072,7174,2758017024,21042,2.9330917201003626,384446.1979369947,0.4888486200167292,0.9776972400334584,190670272.41064957,72059176140466.56
2025-01-01 00:00:00.000 UTC,69992.58747209821,30009751,15174613,393216,786432,3,6,131072,7168,2786983936,21263,2.9663783482142856,388809.14285714284,0.49439639136904845,0.9887927827380969,3078586.6962890625,1161088375753.1428
2024-12-31 00:00:00.000 UTC,83696.74175517049,30009882,15128439,393216,786432,3,6,131072,7156,2740322304,20907,2.9216042481833426,382940.5120178871,0.48693404136389135,0.9738680827277827,49692619154.28717,18704310637653296
2024-12-30 00:00:00.000 UTC,82355.61203406395,30009966,15147643,393216,786432,3,6,131072,7163,2814640128,21474,2.9979059053469217,392941.5228256317,0.499650984224489,0.999301968448978,34721917320.0363,13111457128052286
2024-12-29 00:00:00.000 UTC,76802.05271966527,30008968,15145403,393216,786432,3,6,131072,7170,2830368768,21594,3.011715481171548,394751.57154811715,0.501952580195258,1.003905160390516,20077319430.014225,7584948071311814
2024-12-28 00:00:00.000 UTC,76317.39743231928,30009947,15138905,393216,786432,3,6,131072,7166,2816606208,21489,2.998744069215741,393051.3826402456,0.49979067820262507,0.9995813564052501,28388942632.138153,10726794670806594
2024-12-27 00:00:00.000 UTC,80592.91240569991,30009757,15138498,393216,786432,3,6,131072,7158,2812542976,21458,2.9977647387538418,392923.01983794355,0.4996274564589741,0.9992549129179482,23379534042.235542,8816083547863646
2024-12-26 00:00:00.000 UTC,75139.00810848596,30009534,15135826,393216,786432,3,6,131072,7153,2826829824,21567,3.0150985600447364,395194.9984621837,0.502516426674123,1.005032853348246,23603249849.16944,8902969703802865
2024-12-25 00:00:00.000 UTC,71993.47751396649,30010261,15156535,393216,786432,3,6,131072,7160,2816606208,21489,3.0012569832402236,393380.7553072626,0.5002094972067048,1.0004189944134096,3568696766.6272345,1349612351606825.2
2024-12-24 00:00:00.000 UTC,78202.25968938015,30009092,15127617,393216,786432,3,6,131072,7147,2790522880,21290,2.9788722540926265,390446.74408842874,0.4964787090154372,0.9929574180308745,12681765051.340002,4783974495312378
2024-12-23 00:00:00.000 UTC,84220.39504617968,30009855,15156224,393216,786432,3,6,131072,7146,2856321024,21792,3.049538203190596,399709.0713685978,0.5082563671984344,1.0165127343968687,9331681626.438566,3523122600489108
2024-12-22 00:00:00.000 UTC,88831.88207349447,30010369,15145054,393216,786432,3,6,131072,7157,2785280000,21250,2.969121140142518,389168.6460807601,0.4948535233570866,0.9897070467141732,1017922622.182339,383983413451436.75
2024-12-21 00:00:00.000 UTC,80556.53901106598,30010833,15143722,393216,786432,3,6,131072,7139,2805465088,21404,2.998179016669001,392977.3200728393,0.49969650277816996,0.9993930055563399,2598119002.168651,981634264193753.5
2024-12-20 00:00:00.000 UTC,79955.50460507954,30007232,15142175,393216,786432,3,6,131072,7166,2805858304,21407,2.987301144292492,391551.53558470553,0.4978835240487493,0.9957670480974986,29036057740.02484,10954333051813212
2024-12-19 00:00:00.000 UTC,78214.94900097806,30004253,15131658,393216,786432,3,6,131072,7157,2813460480,21465,2.9991616599133715,393106.1170881654,0.4998602766522285,0.999720553304457,44370463809.890175,16709078870280824
2024-12-18 00:00:00.000 UTC,80740.52579337341,30001347,15146209,393216,786432,3,6,131072,7153,2844393472,21701,3.0338319586187614,397650.4224800783,0.505638659769794,1.011277319539588,177975661.2938627,67887563248252.19
2024-12-17 00:00:00.000 UTC,82207.1649930265,30001030,15133965,393216,786432,3,6,131072,7170,2762997760,21080,2.9400278940027893,385355.3361227336,0.49000464900046625,0.9800092980009325,2666137873.276011,1002148561530209.4
2024-12-16 00:00:00.000 UTC,82131.27073748781,30000939,15120813,393216,786432,3,6,131072,7173,2816344064,21487,2.9955388261536315,392631.2650216088,0.49925647102560594,0.9985129420512119,15178109245.584414,5736761726910046
2024-12-15 00:00:00.000 UTC,82062.60684357541,30001039,15166502,393216,786432,3,6,131072,7160,2835742720,21635,3.0216480446927374,396053.4525139665,0.5036080074487909,1.0072160148975817,7799808291.321788,2952212417709771
2024-12-14 00:00:00.000 UTC,80296.95994976276,30000973,15140404,393216,786432,3,6,131072,7166,2799828992,21361,2.98088194250628,390710.1579681831,0.49681365708438047,0.9936273141687609,11322493977.069494,4286079136698808
2024-12-13 00:00:00.000 UTC,79411.97877687796,30000949,15127016,393216,786432,3,6,131072,7162,2822504448,21534,3.0067020385367216,394094.44959508517,0.5011170064227902,1.0022340128455804,20511566280.147167,7754397477003156
2024-12-12 00:00:00.000 UTC,79620.25132570471,30000903,15132163,393216,786432,3,6,131072,7166,2873360384,21922,3.0591682947250907,400971.3067262071,0.5098613824541839,1.0197227649083678,8412663357.587078,3164669590370797.5
2024-12-11 00:00:00.000 UTC,81506.62470308789,30000876,15139409,393216,786432,3,6,131072,7157,2738618368,20894,2.919379628335895,382648.92664524243,0.48656327138931627,0.9731265427786325,1812273842.6671789,682462996020751.2
2024-12-10 00:00:00.000 UTC,77310.1689491336,30000852,15130611,393216,786432,3,6,131072,7156,2834825216,21628,3.0223588596981554,396146.6204583566,0.5037264766163607,1.0074529532327214,4944704365.933762,1856571962036579
2024-12-09 00:00:00.000 UTC,81533.57557166759,30000882,15144603,393216,786432,3,6,131072,7172,2832465920,21610,3.013106525376464,394933.8984941439,0.5021844208960793,1.0043688417921586,3801441849.0027885,1434278085711969
2024-12-08 00:00:00.000 UTC,75947.93947001395,30000809,15134248,393216,786432,3,6,131072,7170,2803105792,21386,2.9827057182705716,390949.20390516036,0.49711761971176155,0.9942352394235231,1150384720.3290098,435068880410645.1
2024-12-07 00:00:00.000 UTC,75530.0910107647,30000766,15134264,393216,786432,3,6,131072,7153,2798649344,21352,2.9850412414371594,391255.32559765136,0.4975068735728623,0.9950137471457245,9802056194.888578,3692971277242182
2024-12-06 00:00:00.000 UTC,76718.01382295448,30000781,15126298,393216,786432,3,6,131072,7162,2810970112,21446,2.9944149678860654,392483.95867076237,0.49906916131434487,0.9981383226286897,13018048720.416924,4887190553038357
2024-12-05 00:00:00.000 UTC,75381.07436399217,30000749,15123870,393216,786432,3,6,131072,7154,2809266176,21433,2.9959463237349735,392684.67654459045,0.49932438728916395,0.9986487745783279,14062532672.446045,5284164793997122
2024-12-04 00:00:00.000 UTC,76756.77509423425,30000785,15113527,393216,786432,3,6,131072,7163,2885419008,22014,3.073293312857741,402822.70110288984,0.5122155521429588,1.0244311042859175,14203723839.80846,5351711914154119
2024-12-03 00:00:00.000 UTC,77318.32671883734,30000663,15118973,393216,786432,3,6,131072,7156,2761162752,21066,2.9438233650083845,385852.816098379,0.49063722750139904,0.9812744550027981,2158506898.988681,814525973313834.8
2024-12-02 00:00:00.000 UTC,79109.19751188146,30000561,15122616,393216,786432,3,6,131072,7154,2844524544,21702,3.033547665641599,397613.1596309757,0.5055912776069355,1.011182555213871,4342395680.977495,1629655574399067
2024-12-01 00:00:00.000 UTC,76531.53416062465,30000490,15116087,393216,786432,3,6,131072,7172,2789605376,21283,2.9675125488008924,388957.8047964306,0.49458542480015055,0.9891708496003011,5620904754.173034,2116281928171858
2024-11-30 00:00:00.000 UTC,77780.23532699833,30000524,15121079,393216,786432,3,6,131072,7156,2864971776,21858,3.054499720514254,400359.3873672443,0.5090832867523762,1.0181665735047525,5213284993.836361,1959163149342922.5
2024-11-29 00:00:00.000 UTC,75123.88859342197,30000545,15120762,393216,786432,3,6,131072,7145,2643460096,20168,2.822673198040588,369973.42141357594,0.4704455330067649,0.9408910660135298,49812204.06298111,18840893595298.305
2024-11-28 00:00:00.000 UTC,76506.37215189873,30000449,15110113,393216,786432,3,6,131072,7110,2807037952,21416,3.012095639943741,394801.39971870603,0.5020159399906249,1.0040318799812498,31695907567.547256,11915251610196488
2024-11-27 00:00:00.000 UTC,76036.09814064029,30000385,15115201,393216,786432,3,6,131072,7153,2788950016,21278,2.9746959317768766,389899.3451698588,0.49578265529614646,0.9915653105922929,6390537930.216553,2398986051180715
2024-11-26 00:00:00.000 UTC,76105.80214873728,30000531,15122938,393216,786432,3,6,131072,7167,2818572288,21504,3.0004185851820844,393270.86479698616,0.5000697641970159,1.0001395283940318,31632813598.411747,11923011911630586
2024-11-25 00:00:00.000 UTC,75934.3164733827,30000364,15116864,393216,786432,3,6,131072,7157,2810052608,21439,2.9955288528713147,392629.95780354895,0.49925480881188605,0.9985096176237721,29547603298.330166,11094938638925918
2024-11-24 00:00:00.000 UTC,73471.91515489813,30000442,15113011,393216,786432,3,6,131072,7166,2855403520,21785,3.0400502372313705,398465.4646943902,0.506675039538563,1.013350079077126,8953778746.950739,3375770107975279.5
2024-11-23 00:00:00.000 UTC,74743.44636629935,30000392,15122671,393216,786432,3,6,131072,7169,2804940800,21400,2.985074626865672,391259.70149253734,0.4975124378109465,0.995024875621893,3458773791.3435626,1304871280565377.2
2024-11-22 00:00:00.000 UTC,74781.86833286792,30000233,15117168,393216,786432,3,6,131072,7162,2824601600,21550,3.0089360513822956,394387.26612678025,0.5014893418970497,1.0029786837940995,2694651808.0846133,1015904587010129.2
2024-11-21 00:00:00.000 UTC,74837.07357252548,30000106,15115084,393216,786432,3,6,131072,7163,2848325632,21731,3.0337847270696634,397644.2317464749,0.5056307878449458,1.0112615756898915,2940240076.427893,1106748083928173.1
2024-11-20 00:00:00.000 UTC,75515.88868715084,30000098,15109557,393216,786432,3,6,131072,7160,2792488960,21305,2.975558659217877,390012.4245810056,0.4959264432029817,0.9918528864059634,1915073890.4430168,722702873366898.8
2024-11-19 00:00:00.000 UTC,73538.12848383501,30000176,15116094,393216,786432,3,6,131072,7176,2807562240,21420,2.9849498327759196,391243.34448160534,0.4974916387959877,0.9949832775919754,4587067034.325948,1735745263291114.5
2024-11-18 00:00:00.000 UTC,75292.76278745645,30000122,15115129,393216,786432,3,6,131072,7175,2800222208,21364,2.977560975609756,390274.87219512195,0.49626016260162925,0.9925203252032585,2705079111.6450176,1020914407191429.4
2024-11-17 00:00:00.000 UTC,72823.6036814949,30000094,15114600,393216,786432,3,6,131072,7171,2813984768,21469,2.9938641751499095,392411.76516524894,0.4989773625249881,0.9979547250499762,6316530448.442616,2384628612189299
2024-11-16 00:00:00.000 UTC,74423.66940881204,30000098,15099446,393216,786432,3,6,131072,7172,2831417344,21602,3.0119910764082545,394787.69436698273,0.5019985127347114,1.0039970254694228,8340687320.35276,3152346944915829.5
2024-11-15 00:00:00.000 UTC,73329.31201117318,30000074,15103375,393216,786432,3,6,131072,7160,2866020352,21866,3.05391061452514,400282.1720670391,0.5089851024208591,1.0179702048417183,6640414636.638687,2500372486136110
2024-11-14 00:00:00.000 UTC,74643.16594496438,30000102,15098119,393216,786432,3,6,131072,7159,2801270784,21372,2.985333147087582,391293.58625506354,0.4975555245145991,0.9951110490291982,85925.28062578573,32234922504.65372
2024-11-13 00:00:00.000 UTC,75108.04548625645,30000090,15111026,393216,786432,3,6,131072,7167,2760507392,21061,2.9386075066275987,385169.1631086926,0.48976791777126855,0.9795358355425371,3365798318.7471747,1271224636060550.5
2024-11-12 00:00:00.000 UTC,77326.28567439262,30000061,15085841,393216,786432,3,6,131072,7162,2778726400,21200,2.960067020385367,387981.90449595085,0.4933445033975619,0.9866890067951238,8569448478.034069,3226086629588713
2024-11-11 00:00:00.000 UTC,74068.72297391547,30000094,15112243,393216,786432,3,6,131072,7169,2824470528,21549,3.0058585576788954,393983.8928720882,0.5009764262798182,1.0019528525596364,9451056473.571907,3557771734835599
2024-11-10 00:00:00.000 UTC,75214.99846647149,30000123,15109289,393216,786432,3,6,131072,7173,2861957120,21835,3.044054091732887,398990.257911613,0.5073423486221493,1.0146846972442987,2986090998.065384,1124234525104395.5
2024-11-09 00:00:00.000 UTC,74808.39378310565,30000082,15112582,393216,786432,3,6,131072,7174,2821718016,21528,3.0008363534987454,393325.62252578756,0.5001393922497931,1.0002787844995862,3152267050.0772233,1192800457750264.8
2024-11-08 00:00:00.000 UTC,74714.43978765018,30000090,15097505,393216,786432,3,6,131072,7158,2756313088,21029,2.9378317965912264,385067.4892428052,0.48963863276520375,0.9792772655304075,262981.63146130205,99156668350.76613
2024-11-07 00:00:00.000 UTC,73841.15197653303,30000082,15114570,393216,786432,3,6,131072,7159,2777415680,21190,2.959910602039391,387961.40243050706,0.4933184336732343,0.9866368673464686,320054611.3229501,121356633575932.64
2024-11-06 00:00:00.000 UTC,74552.72451829098,30000160,15118458,393216,786432,3,6,131072,7162,2791833600,21300,2.974029600670204,389812.007819045,0.4956716001117023,0.9913432002234046,3292872692.224658,1239543130903643.2
2024-11-05 00:00:00.000 UTC,75258.68156424581,30000086,15136017,393216,786432,3,6,131072,7160,2863529984,21847,3.0512569832402234,399934.35530726257,0.5085428305400398,1.0170856610800796,2332513174.544274,880977139851895.5
2024-11-04 00:00:00.000 UTC,74374.05691170317,30000114,15143691,393216,786432,3,6,131072,7169,2778726400,21200,2.9571767331566465,387603.068768308,0.49286278885944435,0.9857255777188887,3038682546.9331846,1152113691464776.5
2024-11-03 00:00:00.000 UTC,71194.88977256871,30000098,15134878,393216,786432,3,6,131072,7167,2853306368,21769,3.0373936095995533,398117.25519743265,0.5062322682665941,1.0124645365331881,579151167.4176085,219322731232297
2024-11-02 00:00:00.000 UTC,69374.94059267543,30000098,15135242,393216,786432,3,6,131072,7154,2749890560,20980,2.9326251048364553,384385.0377411239,0.4887708508060761,0.9775417016121521,988084982.4389153,374042562345794.2
2024-11-01 00:00:00.000 UTC,67572.99135285914,30000123,15137628,393216,786432,3,6,131072,7170,2819227648,21509,2.999860529986053,393197.7193863319,0.49997675499767863,0.9999535099953573,2043049022.9553697,771843042951903.8
2024-10-31 00:00:00.000 UTC,65590.54906607192,30000139,15148343,393216,786432,3,6,131072,7174,2821718016,21528,3.0008363534987454,393325.62252578756,0.5001393922497932,1.0002787844995864,3687815657.6200166,1391871617540747
2024-10-30 00:00:00.000 UTC,68486.34111235327,30000139,15133693,393216,786432,3,6,131072,7156,2813329408,21464,2.999441028507546,393142.7344885411,0.4999068380845931,0.9998136761691861,1370380067.041364,515884646708869.06
2024-10-29 00:00:00.000 UTC,70081.08537946429,30000139,15122405,393216,786432,3,6,131072,7168,2817916928,21499,2.999302455357143,393124.5714285714,0.49988374255952467,0.9997674851190493,1208098410.4109933,454727943914916.56
2024-10-28 00:00:00.000 UTC,65806.4779267952,30000156,15156060,393216,786432,3,6,131072,7158,2592210944,19777,2.762922604079352,362141.7915618888,0.46048710067989196,0.9209742013597839,383940.827884884,146303132675.71948
2024-10-27 00:00:00.000 UTC,62285.55615942029,30000110,15197096,393216,786432,3,6,131072,7176,2410545152,18391,2.5628483835005573,335917.66332218505,0.4271413972500933,0.8542827945001866,1.1435340022296545,385398.4392419175
2024-10-26 00:00:00.000 UTC,69033.73226256983,30000221,15125325,393216,786432,3,6,131072,7160,2561015808,19539,2.7289106145251396,357683.7720670391,0.4548184357541904,0.9096368715083808,1.8987430167597765,688128
2024-10-25 00:00:00.000 UTC,74187.29744805467,30000163,15151791,393216,786432,3,6,131072,7171,2624847872,20026,2.792637010179891,366036.5181982987,0.4654395016966474,0.9308790033932948,4.844930971970436,1801211.8588760286
2024-10-24 00:00:00.000 UTC,70843.91062465143,30000163,15121481,393216,786432,3,6,131072,7172,2552102912,19471,2.7148633575013945,355842.5699944228,0.4524772262502335,0.904954452500467,1.631622978248745,587978.1728945901
2024-10-23 00:00:00.000 UTC,70677.41101045297,30000147,15115105,393216,786432,3,6,131072,7175,2572156928,19624,2.7350522648083624,358488.7704529617,0.4558420441347276,0.9116840882694552,11.122648083623693,4018073.814076655
2024-10-22 00:00:00.000 UTC,73110.48763448372,30000151,15135397,393216,786432,3,6,131072,7157,2637037568,20119,2.8110940338130503,368455.71719994413,0.4685156723021746,0.9370313446043492,2121664940.2197847,798333107890871.6
2024-10-21 00:00:00.000 UTC,73016.61190907823,30000147,15120610,393216,786432,3,6,131072,7171,2186674176,16683,2.326453772137777,304932.9488216427,0.3877422953562938,0.7754845907125876,1.0011156045181984,305060.89527262584
2024-10-20 00:00:00.000 UTC,72468.06822938468,30000143,15127251,393216,786432,3,6,131072,7167,2057961472,15701,2.1907353146365285,287144.05916003906,0.365122552439419,0.730245104878838,1.003767266638761,288424.23775638343
2024-10-19 00:00:00.000 UTC,69940.49672291173,30000159,15129411,393216,786432,3,6,131072,7171,1922695168,14669,2.0456003346813554,268120.9270673546,0.34093338911355836,0.6818667782271167,1.0027890112954958,269016.5522242365
2024-10-18 00:00:00.000 UTC,71387.15094866071,30000155,15118790,393216,786432,3,6,131072,7168,2348417024,17917,2.4995814732142856,327625.14285714284,0.41659691220237977,0.8331938244047595,1.041015625,341869.71428571426
2024-10-17 00:00:00.000 UTC,69748.43397543272,30000168,15144820,393216,786432,3,6,131072,7164,2529034240,19295,2.6933277498604133,353019.8548297041,0.44888795831006767,0.8977759166201353,2.0268006700167502,734983.8615298716
2024-10-16 00:00:00.000 UTC,74059.61740466546,30000127,15122090,393216,786432,3,6,131072,7159,2499936256,19073,2.664198910462355,349201.8795921218,0.44403315174372454,0.8880663034874491,1.1240396703450202,392520.26931135636
2024-10-15 00:00:00.000 UTC,74607.55609892413,30000139,15102915,393216,786432,3,6,131072,7157,2538471424,19367,2.706022076288948,354683.725583345,0.4510036793814899,0.9020073587629798,1865.6302920217968,704904117.1708816
2024-10-14 00:00:00.000 UTC,72348.44765897974,30000180,15120406,393216,786432,3,6,131072,7155,2298085376,17533,2.4504542278127186,321185.93654786865,0.40840903796878525,0.8168180759375705,1.0150943396226415,325655.7573724668
2024-10-13 00:00:00.000 UTC,71366.63614694335,30000140,15116804,393216,786432,3,6,131072,7132,2190082048,16709,2.342821088053842,307078.24565339315,0.3904701813423038,0.7809403626846076,1.1573191250701065,365116.01570386987
2024-10-12 00:00:00.000 UTC,71771.44038623005,30000123,15109042,393216,786432,3,6,131072,7146,2107244544,16077,2.249790092359362,294884.4869857263,0.3749650153932256,0.7499300307864512,1.0006996921354605,295122.9331094319
2024-10-11 00:00:00.000 UTC,70203.2915851272,30000152,15106336,393216,786432,3,6,131072,7154,2214330368,16894,2.3614760972882305,309523.39502376295,0.3935793495480353,0.7871586990960706,1.00083869164104,309706.6100083869
2024-10-10 00:00:00.000 UTC,71440.98982578397,30000122,15114820,393216,786432,3,6,131072,7175,2422734848,18484,2.5761672473867594,337663.3934494773,0.42936120789779225,0.8587224157955845,1.347595818815331,464698.1931707317
2024-10-09 00:00:00.000 UTC,69506.50598885794,30000126,15098893,393216,786432,3,6,131072,7180,2104360960,16055,2.236072423398329,293086.48467966577,0.3726787372330537,0.7453574744661075,1.0059888579387186,295003.27576601674
2024-10-08 00:00:00.000 UTC,70383.99790853319,30000110,15109222,393216,786432,3,6,131072,7172,2037383168,15544,2.1673173452314556,284074.61907417735,0.3612195575385754,0.7224391150771508,1.0046012269938651,285408.73173452314
2024-10-07 00:00:00.000 UTC,71923.45588850175,30000147,15109662,393216,786432,3,6,131072,7175,1944715264,14837,2.06787456445993,271040.45491289196,0.34464576074332154,0.6892915214866431,1.0002787456445994,271095.2585365854
2024-10-06 00:00:00.000 UTC,71205.30693069307,30000167,15122777,393216,786432,3,6,131072,7171,1794113536,13688,1.908799330637289,250190.14586529075,0.31813322177288345,0.6362664435457669,1,250190.14586529075
2024-10-05 00:00:00.000 UTC,72372.49359152968,30000127,15138700,393216,786432,3,6,131072,7178,1914437632,14606,2.034828643076066,266709.0599052661,0.33913810717934456,0.6782762143586891,1.0020897185845639,267366.42853162443
2024-10-04 00:00:00.000 UTC,76518.47883597884,30000171,15127355,393216,786432,3,6,131072,7182,2099380224,16017,2.2301587301587302,292311.3650793651,0.3716931216931209,0.7433862433862418,1.0012531328320802,292585.1161236424
2024-10-03 00:00:00.000 UTC,75259.67764902973,30000135,15145565,393216,786432,3,6,131072,7163,2190737408,16714,2.333379868770068,305840.7661594304,0.3888966447950101,0.7777932895900203,1.0046070082367724,307194.8535529806
2024-10-02 00:00:00.000 UTC,73079.13698439242,30000139,15128971,393216,786432,3,6,131072,7176,2163998720,16510,2.300724637681159,301560.5797101449,0.38345410628019194,0.7669082125603839,1.0022296544035674,302199.86622073577
2024-10-01 00:00:00.000 UTC,74530.07799637226,30000127,15120760,393216,786432,3,6,131072,7167,2014183424,15367,2.144132831031115,281035.7784289103,0.3573554718385175,0.714710943677035,1.1112041300404631,321763.7460583229
2024-09-30 00:00:00.000 UTC,72491.56380607412,30000122,15128418,393216,786432,3,6,131072,7178,2047868928,15624,2.1766508776818054,285297.9838395096,0.36277514628030055,0.7255502925606011,1.0016717748676511,285644.9283923098
2024-09-29 00:00:00.000 UTC,73653.95047433036,30000143,15127427,393216,786432,3,6,131072,7168,1954807808,14914,2.0806361607142856,272713.14285714284,0.3467726934523817,0.6935453869047634,1.0006975446428572,272822.85714285716
2024-09-28 00:00:00.000 UTC,73333.86507604297,30000139,15137336,393216,786432,3,6,131072,7167,2019033088,15404,2.1492953816101577,281712.4442584066,0.35821589693502515,0.7164317938700503,1.0047439653969583,283266.9468396819
2024-09-27 00:00:00.000 UTC,71493.10872595484,30000159,15095829,393216,786432,3,6,131072,7174,2088108032,15931,2.220657931419013,291066.0763869529,0.3701096552365012,0.7402193104730024,1,291066.0763869529
2024-09-26 00:00:00.000 UTC,71237.60451819829,30000143,15119473,393216,786432,3,6,131072,7171,1994915840,15220,2.122437595872263,278192.1405661693,0.35373959931204324,0.7074791986240865,1,278192.1405661693
2024-09-25 00:00:00.000 UTC,68354.06607068026,30000155,15088715,393216,786432,3,6,131072,7159,1976172544,15077,2.106020393909764,276040.3050705406,0.35100339898495997,0.7020067979699199,1.000698421567258,276076.922475206
2024-09-24 00:00:00.000 UTC,68531.67363433668,30000196,15108595,393216,786432,3,6,131072,7176,2017067008,15389,2.144509476031215,281085.1460423634,0.35741824600520167,0.7148364920104033,1.000139353400223,281085.1460423634
2024-09-23 00:00:00.000 UTC,69319.62222532458,30000131,15112959,393216,786432,3,6,131072,7163,2097283072,16001,2.2338405695937458,292793.95113779145,0.37230676159895637,0.7446135231979127,1.0235934664246824,300717.19223788916
2024-09-22 00:00:00.000 UTC,68452.7284260421,30000147,15109507,393216,786432,3,6,131072,7173,2012479488,15354,2.140526976160602,280563.15181932243,0.3567544960267685,0.713508992053537,1.000278823365398,280581.4247873972
2024-09-21 00:00:00.000 UTC,69466.45490141239,30000139,15094615,393216,786432,3,6,131072,7151,2138177536,16313,2.281219409872745,299003.99049084046,0.380203234978791,0.760406469957582,3.589847573765907,1272302.0288071597
2024-09-20 00:00:00.000 UTC,70279.77019849035,30000147,15101218,393216,786432,3,6,131072,7154,2187722752,16691,2.3331003634330445,305804.130835896,0.38885006057217414,0.7777001211443483,1.0290746435560525,315917.59798714006
2024-09-19 00:00:00.000 UTC,69887.16294642857,30000139,15109661,393216,786432,3,6,131072,7168,2085748736,15913,2.220005580357143,290980.5714285714,0.3700009300595237,0.7400018601190474,1.0132533482142858,295222.85714285716
2024-09-18 00:00:00.000 UTC,72921.44682040531,30000151,15121204,393216,786432,3,6,131072,7155,1972895744,15052,2.1037037037037036,275736.65185185184,0.3506172839506165,0.701234567901233,1.0026554856743537,276414.45255066385
2024-09-17 00:00:00.000 UTC,77008.3009518477,30000127,15126622,393216,786432,3,6,131072,7144,1894383616,14453,2.0230963045912653,265171.2788353863,0.33718271743187767,0.6743654348637553,1,265171.2788353863
2024-09-16 00:00:00.000 UTC,74984.58898364323,30000098,15140643,393216,786432,3,6,131072,7153,1962672128,14974,2.093387389906333,274384.47196980286,0.3488978983177222,0.6977957966354444,1.0040542429749755,275758.77645743045
2024-09-15 00:00:00.000 UTC,69092.5050856904,30000151,15160923,393216,786432,3,6,131072,7177,1935933440,14770,2.0579629371603736,269741.3180994845,0.34299382286006125,0.6859876457201225,1.04347220287028,285684.728438066
2024-09-14 00:00:00.000 UTC,70907.13894324853,30000176,15137604,393216,786432,3,6,131072,7154,1903951872,14526,2.030472462957786,266138.0866648029,0.3384120771596299,0.6768241543192598,1.00167738328208,266449.5521386637
2024-09-13 00:00:00.000 UTC,72804.603515625,30000155,15136747,393216,786432,3,6,131072,7168,2015494144,15377,2.145228794642857,281179.4285714286,0.3575381324404763,0.7150762648809526,1,281179.4285714286
2024-09-12 00:00:00.000 UTC,71414.06066536203,30000057,15135899,393216,786432,3,6,131072,7154,2067005440,15770,2.204361196533408,288930.0307520268,0.3673935327555661,0.7347870655111322,1.0001397819401734,288948.35225048923
2024-09-11 00:00:00.000 UTC,71480.77743647026,30000135,15137848,393216,786432,3,6,131072,7162,2157707264,16462,2.2985199664898075,301271.60904775205,0.3830866610816329,0.7661733221632658,1.0004188774085452,301344.8131806758
2024-09-10 00:00:00.000 UTC,72265.9207214765,30000156,15110058,393216,786432,3,6,131072,7152,2068316160,15780,2.2063758389261743,289194.0939597315,0.3677293064876949,0.7354586129753898,1.0125838926174497,293061.0111856823
2024-09-09 00:00:00.000 UTC,69594.71526227679,30000131,15146249,393216,786432,3,6,131072,7168,2016804864,15387,2.1466238839285716,281362.28571428574,0.357770647321428,0.715541294642856,1.0092075892857142,284160
2024-09-08 00:00:00.000 UTC,66592.06146109792,30000155,15175312,393216,786432,3,6,131072,7159,1912209408,14589,2.0378544489453834,267105.6583321693,0.33964240815756436,0.6792848163151287,1.0029333705824837,267984.47604414023
2024-09-07 00:00:00.000 UTC,68900.83214932441,30000122,15149024,393216,786432,3,6,131072,7179,1949958144,14877,2.072294191391559,271619.7442540744,0.34538236523192717,0.6907647304638543,1.0004178854993733,271656.2596461903
2024-09-06 00:00:00.000 UTC,71475.84583158777,30000147,15144922,393216,786432,3,6,131072,7161,2018377728,15399,2.1503979891076663,281856.96522832004,0.358399664851276,0.716799329702552,1.0048875855327468,283302.94875017455
2024-09-05 00:00:00.000 UTC,67643.84723772321,30000119,15149149,393216,786432,3,6,131072,7168,2008154112,15321,2.137416294642857,280155.4285714286,0.3562360491071432,0.7124720982142864,1.0172991071428572,286208
2024-09-04 00:00:00.000 UTC,70147.56203768318,30000147,15159072,393216,786432,3,6,131072,7165,1959133184,14947,2.086113049546406,273431.00963014655,0.347685508257735,0.69537101651547,1.023307745987439,281534.97278436844
2024-09-03 00:00:00.000 UTC,69494.88772663877,30000192,15156698,393216,786432,3,6,131072,7170,1992032256,15198,2.119665271966527,277828.7665271966,0.3532775453277548,0.7065550906555096,1.0051603905160391,278889.04211994424
2024-09-02 00:00:00.000 UTC,62346.1889818689,30000159,15180589,393216,786432,3,6,131072,7170,2066874368,15769,2.199302649930265,288266.9969316597,0.36655044165504336,0.7331008833100867,1.1244072524407251,333694.3218967922
2024-09-01 00:00:00.000 UTC,62073.320910106086,30000147,15234525,393216,786432,3,6,131072,7164,1929117696,14718,2.0544388609715245,269279.41038525966,0.3424064768285883,0.6848129536571766,1.0160524846454495,275115.81016192073
2024-08-31 00:00:00.000 UTC,65827.60284876415,30000160,15227227,393216,786432,3,6,131072,7161,1867644928,14249,1.9898058930316995,260807.83801145092,0.33163431550528316,0.6632686310105663,1.00446864962994,262180.6071777685
2024-08-30 00:00:00.000 UTC,75892.36593544781,30000151,15169781,393216,786432,3,6,131072,7157,2095579136,15988,2.2338968841693445,292801.3324018443,0.3723161473615581,0.7446322947231162,1.0401006008103955,307653.8393181501
2024-08-29 00:00:00.000 UTC,74966.57434606239,30000160,15153571,393216,786432,3,6,131072,7149,2279342080,17390,2.4325080430829487,318833.69422296825,0.4054180071804917,0.8108360143609834,1.0444817456986992,334656.2059029235
2024-08-28 00:00:00.000 UTC,71803.17711970945,30000180,15167776,393216,786432,3,6,131072,7159,2430599168,18544,2.590305908646459,339516.57605810865,0.43171765144106977,0.8634353028821395,14.373376169856126,5371974.660148066
2024-08-27 00:00:00.000 UTC,71510.64494068388,30000176,15177664,393216,786432,3,6,131072,7165,2158362624,16467,2.298255408234473,301236.93286810885,0.3830425680390785,0.766085136078157,1.0082344731332868,303121.15003489185
2024-08-26 00:00:00.000 UTC,70325.85858021241,30000176,15183389,393216,786432,3,6,131072,7156,2119303168,16169,2.259502515371716,296157.51369480154,0.3765837525619515,0.753167505123903,1.0135550586920068,300883.1391839016
2024-08-25 00:00:00.000 UTC,69101.55443745632,30000168,15237027,393216,786432,3,6,131072,7155,2051014656,15648,2.187002096436059,286654.7387840671,0.3645003494060095,0.729000698812019,1.0022361984626136,287222.6258560447
2024-08-24 00:00:00.000 UTC,69254.7497902098,30000172,15186451,393216,786432,3,6,131072,7150,2212364288,16879,2.360699300699301,309421.57874125877,0.39344988344988213,0.7868997668997643,1.1358041958041958,359228.93874125875
2024-08-23 00:00:00.000 UTC,73931.2394799385,30000168,15171422,393216,786432,3,6,131072,7153,2212757504,16882,2.360128617363344,309346.7781350482,0.39335476956055454,0.7867095391211091,1.1012162728924926,346178.1384034671
2024-08-22 00:00:00.000 UTC,69840.44629138148,30000155,15180849,393216,786432,3,6,131072,7159,2229141504,17007,2.3756111188713507,311376.1005727057,0.3959351864785558,0.7918703729571116,1.052241933230898,330728.3989383992
2024-08-21 00:00:00.000 UTC,73064.24685666387,30000176,15175982,393216,786432,3,6,131072,7158,2355232768,17969,2.5103380832634814,329035.03324951103,0.4183896805439107,0.8367793610878214,1.1139983235540654,369649.4082145851
2024-08-20 00:00:00.000 UTC,76458.58110940339,30000168,15152732,393216,786432,3,6,131072,7157,2374238208,18114,2.530948721531368,331736.51082855946,0.4218247869218923,0.8436495738437846,1.8699175632248148,658253.583344977
2024-08-19 00:00:00.000 UTC,76876.82157328489,30000139,15148556,393216,786432,3,6,131072,7157,2165571584,16522,2.308509151879279,302580.91155512084,0.38475152531321116,0.7695030506264223,1.0445717479390806,317726.4395696521
2024-08-18 00:00:00.000 UTC,77152.68817953722,30000143,15190378,393216,786432,3,6,131072,7174,2209480704,16857,2.3497351547253973,307984.4862001673,0.39162252578756673,0.7832450515751335,1.0164482854753276,313520.4237524394
2024-08-17 00:00:00.000 UTC,66175.4386528787,30000188,15206255,393216,786432,3,6,131072,7156,2182086656,16648,2.3264393515930686,304931.0586920067,0.3877398919321756,0.7754797838643512,1.0092230296254892,307825.0463946339
2024-08-16 00:00:00.000 UTC,73661.98283321703,30000159,15167257,393216,786432,3,6,131072,7165,2169372672,16551,2.3099790648988137,302773.5759944173,0.3849965108164658,0.7699930216329316,1.0379623168178647,315889.922679693
2024-08-15 00:00:00.000 UTC,73054.17866629387,30000123,15111869,393216,786432,3,6,131072,7153,2178547712,16621,2.323640430588564,304564.19851810427,0.38727340509809177,0.7745468101961835,1.0099259052145952,307825.8811687404
2024-08-14 00:00:00.000 UTC,73224.17550963418,30000143,15133113,393216,786432,3,6,131072,7162,2186412032,16681,2.3290980173135996,305279.5353253281,0.3881830028855978,0.7763660057711956,1.0749790561295727,332511.47277296847
2024-08-13 00:00:00.000 UTC,70464.5396958281,30000172,15131795,393216,786432,3,6,131072,7167,2407661568,18369,2.5629970699037252,335937.1519464211,0.42716617831728393,0.8543323566345679,1.3091949211664573,449488.9934421655
2024-08-12 00:00:00.000 UTC,75024.05329984652,30000119,15141360,393216,786432,3,6,131072,7167,2416574464,18437,2.572485000697642,337180.7540114413,0.42874750011626955,0.8574950002325391,1.398772150132552,483541.74410492537
2024-08-11 00:00:00.000 UTC,67432.79201005727,30000160,15185425,393216,786432,3,6,131072,7159,2201092096,16793,2.3457186757927087,307458.0382735019,0.39095311263211396,0.7819062252642279,1.0107556921357732,310863.4569073893
2024-08-10 00:00:00.000 UTC,66100.22147838215,30000143,15178284,393216,786432,3,6,131072,7170,2115502080,16140,2.2510460251046025,295049.10460251046,0.3751743375174318,0.7503486750348636,1.0133891213389121,298723.5079497908
2024-08-09 00:00:00.000 UTC,72305.09849330357,30000180,15114958,393216,786432,3,6,131072,7168,2266365952,17291,2.4122488839285716,316178.28571428574,0.4020414806547601,0.8040829613095202,1.4217354910714286,473782.85714285716
2024-08-08 00:00:00.000 UTC,71469.04069686412,30000135,15117829,393216,786432,3,6,131072,7175,2353266688,17954,2.5022996515679443,327981.4199303136,0.4170499419279882,0.8340998838559764,1.2485017421602786,419174.6497560976
2024-08-07 00:00:00.000 UTC,73440.43787477339,30000127,15128789,393216,786432,3,6,131072,7171,2355888128,17974,2.5064844512620277,328529.9299958165,0.4177474085436689,0.8354948170873377,1.233998047692093,414491.6669920513
2024-08-06 00:00:00.000 UTC,74753.27442769402,30000151,15117569,393216,786432,3,6,131072,7164,2507931648,19134,2.670854271356784,350074.2110552764,0.44514237855946026,0.8902847571189205,5.879117811278615,2187478.977107761
2024-08-05 00:00:00.000 UTC,75149.11061514856,30000123,15133029,393216,786432,3,6,131072,7169,2290745344,17477,2.4378574417631467,319534.85060677916,0.4063095736271907,0.8126191472543814,1.0754638024829126,346191.7031664109
2024-08-04 00:00:00.000 UTC,69011.26135413765,30000110,15198903,393216,786432,3,6,131072,7178,2146566144,16377,2.2815547506269156,299047.9442741711,0.38025912510448445,0.7605182502089689,1.0019504040122598,299431.40930621343
2024-08-03 00:00:00.000 UTC,76424.90258199582,30000127,15168641,393216,786432,3,6,131072,7165,2192048128,16724,2.3341242149337056,305938.32909979066,0.3890207024889497,0.7780414049778994,1.0078157711095603,308517.6943475227
2024-08-02 00:00:00.000 UTC,74111.03241581668,30000143,15118864,393216,786432,3,6,131072,7157,2450259968,18694,2.6119882632387874,342358.52563923434,0.43533137720646203,0.8706627544129241,1.6174374738018722,570823.4131619394
2024-08-01 00:00:00.000 UTC,75031.91095603628,30000159,15113587,393216,786432,3,6,131072,7165,2357592064,17987,2.51039776692254,329042.85610607115,0.41839962782041906,0.8367992556408381,1.2174459176552688,408308.03070481506
2024-07-31 00:00:00.000 UTC,73696.3598548297,30000123,15125865,393216,786432,3,6,131072,7164,2259681280,17240,2.4064768285873814,315421.73087660526,0.40107947143122763,0.8021589428624553,1.056253489670575,335528.9514237856
2024-07-30 00:00:00.000 UTC,73629.09917355372,30000148,15141205,393216,786432,3,6,131072,7139,2230321152,17016,2.383527104636504,312413.66465891583,0.397254517439415,0.79450903487883,1.2321053368819161,396428.99901947053
2024-07-29 00:00:00.000 UTC,69540.39723926381,30000163,15150218,393216,786432,3,6,131072,7172,2356019200,17975,2.5062744004461797,328502.39821528166,0.4177124000743598,0.8354248001487196,1.0223089793641942,336050.1862799777
2024-07-28 00:00:00.000 UTC,66788.15189520625,30000155,15171876,393216,786432,3,6,131072,7176,2196897792,16761,2.335702341137124,306145.1772575251,0.3892837235228516,0.7785674470457032,1.0101727982162765,309487.7324414716
2024-07-27 00:00:00.000 UTC,67466.19606200252,30000135,15158352,393216,786432,3,6,131072,7161,2328887296,17768,2.481217707024159,325218.16729507054,0.4135362845040237,0.8270725690080474,1.2783130847646977,426308.88870269514
2024-07-26 00:00:00.000 UTC,70430.20321229051,30000168,15147704,393216,786432,3,6,131072,7160,2379350016,18153,2.535335195530726,332311.45474860334,0.42255586592178435,0.8451117318435687,47.89860335195531,18057273.206703912
2024-07-25 00:00:00.000 UTC,72978.84948338453,30000139,15121303,393216,786432,3,6,131072,7162,2529034240,19295,2.694079865959229,353118.4361910081,0.44901331099320574,0.8980266219864115,3.396258028483664,1244012.7338732197
2024-07-24 00:00:00.000 UTC,74753.50649169342,30000147,15149104,393216,786432,3,6,131072,7163,2571501568,19619,2.7389361999162363,358997.8455954209,0.4564893666527048,0.9129787333054096,96.06910512355158,36138579.7012425
2024-07-23 00:00:00.000 UTC,74310.13035589672,30000127,15138933,393216,786432,3,6,131072,7165,2534801408,19339,2.699092812281926,353775.4930914166,0.44984880204698485,0.8996976040939697,38.933845080251224,14580694.411165386
2024-07-22 00:00:00.000 UTC,71847.30060064254,30000172,15120100,393216,786432,3,6,131072,7159,2404253696,18343,2.5622293616426877,335836.52688923036,0.4270382269404461,0.8540764538808922,1.5213018578013688,526192.1050426037
2024-07-21 00:00:00.000 UTC,68675.39603684064,30000151,15176328,393216,786432,3,6,131072,7166,2262171648,17259,2.4084566006140107,315681.2235556796,0.401409433435665,0.80281886687133,1.2400223276583868,403422.27630477253
2024-07-20 00:00:00.000 UTC,67770.01326259947,30000155,15148816,393216,786432,3,6,131072,7163,2315649024,17667,2.4664246823956444,323279.2159709619,0.411070780399271,0.822141560798542,1.0284796872818651,332263.7688119503
2024-07-19 00:00:00.000 UTC,70752.55535415505,30000135,15116871,393216,786432,3,6,131072,7172,2337800192,17836,2.486893474623536,325962.1015058561,0.41448224577058806,0.8289644915411761,1.051031790295594,343543.1477969883
2024-07-18 00:00:00.000 UTC,73038.8811618489,30000192,15122438,393216,786432,3,6,131072,7161,2461270016,18778,2.6222594609691385,343704.7920681469,0.43704324349485185,0.8740864869897037,12.521016617790812,4680117.85616534
2024-07-17 00:00:00.000 UTC,73222.96122192775,30000163,15098568,393216,786432,3,6,131072,7169,2292449280,17490,2.4396708048542335,319772.5317338541,0.40661180080903636,0.8132236016180727,1.596735946436044,542242.0666759659
2024-07-16 00:00:00.000 UTC,74024.72326780984,30000155,15113012,393216,786432,3,6,131072,7173,2290876416,17478,2.4366373902133,319374.93601003767,0.4061062317022135,0.812212463404427,1.752823086574655,599536.0825317162
2024-07-15 00:00:00.000 UTC,80675.5974025974,30000160,15138518,393216,786432,3,6,131072,7161,2325479424,17742,2.4775869291998323,324742.2739840804,0.4129311548666409,0.8258623097332818,1.3102918586789554,438096.39994414186
2024-07-14 00:00:00.000 UTC,76026.72536980185,30000155,15106126,393216,786432,3,6,131072,7166,2384723968,18194,2.5389338543120292,332783.1381523863,0.4231556423853382,0.8463112847706764,19.67527211833659,7367706.007256489
2024-07-13 00:00:00.000 UTC,68630.54502237137,30000193,15194083,393216,786432,3,6,131072,7152,2080636928,15874,2.219519015659955,290916.79642058164,0.3699198359433228,0.7398396718866456,1.0057326621923937,292474.5592841163
2024-07-12 00:00:00.000 UTC,70209.55487294051,30000180,15133481,393216,786432,3,6,131072,7162,2150105088,16404,2.2904216699246023,300210.14912035747,0.3817369449874313,0.7634738899748627,1.0096341803965372,303156.61547053896
2024-07-11 00:00:00.000 UTC,71658.4110506488,30000135,15132708,393216,786432,3,6,131072,7167,2190344192,16711,2.331658992604995,305615.2074787219,0.3886098321008289,0.7772196642016578,1.110925073252407,346105.4276545277
2024-07-10 00:00:00.000 UTC,71446.7959810215,30000110,15117010,393216,786432,3,6,131072,7166,2490892288,19004,2.651967624895339,347598.7005302819,0.4419946041492211,0.8839892082984422,18.22425341892269,5435079.912922132
2024-07-09 00:00:00.000 UTC,71616.1236724427,30000139,15133541,393216,786432,3,6,131072,7156,2760638464,21062,2.9432643935159306,385779.55058692006,0.4905440655859891,0.9810881311719782,735.6358300726663,278857749.7506987
2024-07-08 00:00:00.000 UTC,72667.08496640538,30000144,15147429,393216,786432,3,6,131072,7144,2673606656,20398,2.8552631578947367,374245.05263157893,0.475877192982455,0.95175438596491,77.6874300111982,29124569.01231803
2024-07-07 00:00:00.000 UTC,66923.29008379889,30000151,15186588,393216,786432,3,6,131072,7160,2427060224,18517,2.5861731843575417,338974.8916201117,0.43102886405958923,0.8620577281191785,3.185195530726257,1156856.8491620112
2024-07-06 00:00:00.000 UTC,72596.32821657829,30000151,15152651,393216,786432,3,6,131072,7166,2499411968,19069,2.6610382361149876,348787.60368406365,0.44350637268583,0.88701274537166,1.6070332123918505,570435.7331844823
2024-07-05 00:00:00.000 UTC,79241.17624895339,30000168,15120300,393216,786432,3,6,131072,7166,2568093696,19593,2.7341613173318446,358371.99218531954,0.4556935528886392,0.9113871057772784,86.19369243650573,32283147.003070053
2024-07-04 00:00:00.000 UTC,76276.18630328441,30000164,15149141,393216,786432,3,6,131072,7155,2563112960,19555,2.7330538085255065,358226.8287910552,0.45550896808758146,0.9110179361751629,4.797624039133473,1775636.3225716283
2024-07-03 00:00:00.000 UTC,72825.28521569175,30000184,15130953,393216,786432,3,6,131072,7163,2546597888,19429,2.712411000977244,355521.1347200893,0.4520685001628726,0.9041370003257452,6.431941923774954,2388976.1317883567
2024-07-02 00:00:00.000 UTC,72341.40008390434,30000135,15122676,393216,786432,3,6,131072,7151,2669674496,20368,2.84827296881555,373328.8345685918,0.4747121614692588,0.9494243229385176,75.11802545098588,28296485.410152428
2024-07-01 00:00:00.000 UTC,72037.43467336684,30000147,15117924,393216,786432,3,6,131072,7164,2479751168,18919,2.6408431044109437,346140.5873813512,0.44014051740182136,0.8802810348036427,2.08249581239531,747827.6002233389
2024-06-30 00:00:00.000 UTC,68820.78411945298,30000131,15155558,393216,786432,3,6,131072,7166,2283405312,17421,2.431063354730673,318644.33603125875,0.4051772257884425,0.810354451576885,1.5022327658386827,504552.207647223
2024-06-29 00:00:00.000 UTC,72587.7241861115,30000156,15166550,393216,786432,3,6,131072,7157,2280390656,17398,2.4309068045270363,318623.8166829677,0.4051511340878385,0.810302268175677,1.0533743188486797,335545.7851054911
2024-06-28 00:00:00.000 UTC,75045.96663409186,30000131,15125254,393216,786432,3,6,131072,7163,2467430400,18825,2.6280887896132907,344468.85383219324,0.4380147982688798,0.8760295965377596,6.347759318721206,2345901.513890828
2024-06-27 00:00:00.000 UTC,77642.65894178418,30000184,15137412,393216,786432,3,6,131072,7163,2574909440,19645,2.742565963981572,359473.6060309926,0.4570943273302595,0.914188654660519,96.65084461817675,36255506.97752339
2024-06-26 00:00:00.000 UTC,76824.35344225667,30000151,15140572,393216,786432,3,6,131072,7161,2692087808,20539,2.8681748359167716,375937.4120932831,0.4780291393194602,0.9560582786389203,534370.3713168552,200368688629.77573
2024-06-25 00:00:00.000 UTC,75193.95811225915,30000110,15127324,393216,786432,3,6,131072,7162,2562326528,19549,2.7295448198827144,357766.89863166714,0.45492413664711695,0.9098482732942339,13.274225076794192,4960513.35827981
2024-06-24 00:00:00.000 UTC,74923.18472940847,30000205,15153342,393216,786432,3,6,131072,7151,2657222656,20273,2.8349881135505526,371587.562019298,0.4724980189250912,0.9449960378501824,211.36903929520346,79369017.38609985
2024-06-23 00:00:00.000 UTC,69652.85536438663,30000172,15176386,393216,786432,3,6,131072,7149,2589851648,19759,2.7638830605679114,362267.6805147573,0.46064717676131656,0.9212943535226331,9.578962092600364,3555793.233179466
2024-06-22 00:00:00.000 UTC,71793.50265883011,30000139,15166903,393216,786432,3,6,131072,7146,2571239424,19617,2.745172124265323,359815.2006717044,0.4575286873775528,0.9150573747551056,1321.9976210467394,464925095.01259446
2024-06-21 00:00:00.000 UTC,72885.14906398435,30000160,15152267,393216,786432,3,6,131072,7158,2814509056,21473,2.9998602961721152,393197.6887398715,0.4999767160286865,0.999953432057373,1646458.6592623638,616773803773.3534
2024-06-20 00:00:00.000 UTC,87355.90458869614,30000197,15135359,393216,786432,3,6,131072,7148,2721316864,20762,2.90458869613878,380710.24958030216,0.48409811602312824,0.9681962320462565,93145885233.892,34872954301256004
2024-06-19 00:00:00.000 UTC,82628.4083659765,30000164,15155092,393216,786432,3,6,131072,7148,2505834496,19118,2.6745942921096812,350564.42305540014,0.4457657153516101,0.8915314307032202,1.7234191382204813,616302.4510352546
2024-06-18 00:00:00.000 UTC,79739.58666106207,30000238,15155765,393216,786432,3,6,131072,7137,2557345792,19511,2.7337817009948155,358322.23511279246,0.45563028349913437,0.9112605669982687,3.2552893372565506,1190795.639624492
2024-06-17 00:00:00.000 UTC,78277.5241958042,30000197,15133539,393216,786432,3,6,131072,7150,2595749888,19804,2.7697902097902096,363041.94237762236,0.4616317016316982,0.9232634032633964,709470183.1464336,267949894673907.8
2024-06-16 00:00:00.000 UTC,74204.91595700126,30000131,15151255,393216,786432,3,6,131072,7163,2208169984,16847,2.351947508027363,308274.4637721625,0.39199125133788953,0.7839825026757791,1.0161943319838056,313160.1574759179
2024-06-15 00:00:00.000 UTC,75230.21465601794,30000111,15137956,393216,786432,3,6,131072,7137,2347237376,17908,2.5091775255709683,328882.91663163796,0.4181962542618218,0.8363925085236436,1.5262715426649853,523369.743029284
2024-06-14 00:00:00.000 UTC,79751.77073443172,30000160,15125234,393216,786432,3,6,131072,7162,2437939200,18600,2.5970399329796146,340399.21809550404,0.4328399888299334,0.8656799776598668,1.3963976542865122,485599.61574979057
2024-06-13 00:00:00.000 UTC,81964.46955060899,30000160,15135939,393216,786432,3,6,131072,7143,2481061888,18929,2.6500069998600027,347341.71748565027,0.4416678333099971,0.8833356666199942,4.32087358252835,1588754.8514629707
2024-06-12 00:00:00.000 UTC,82697.62493012856,30000160,15129034,393216,786432,3,6,131072,7156,2448949248,18684,2.610955841252096,342223.20402459474,0.4351593068753464,0.8703186137506927,3.439770821688094,1260313.328116266
2024-06-11 00:00:00.000 UTC,76729.32686400447,30000151,15105952,393216,786432,3,6,131072,7162,2443313152,18641,2.6027645908963977,341149.56045797264,0.43379409848273104,0.8675881969654621,1.4401005305780508,499325.39067299635
2024-06-10 00:00:00.000 UTC,77182.7915618888,30000151,15135345,393216,786432,3,6,131072,7158,2336620544,17827,2.490500139703828,326434.83431126014,0.4150833566173014,0.8301667132346028,1.1145571388656048,366316.75887119304
2024-06-09 00:00:00.000 UTC,76628.21394633874,30000156,15132994,393216,786432,3,6,131072,7156,2252079104,17182,2.4010620458356624,314712.00447177194,0.4001770076392771,0.8003540152785542,1.0318613750698715,324657.7976523197
2024-06-08 00:00:00.000 UTC,74828.17504187605,30000159,15124904,393216,786432,3,6,131072,7164,2140012544,16327,2.279034059184813,298717.5522054718,0.3798390098641346,0.7596780197282692,1.0206588498045785,304480.7682858738
2024-06-07 00:00:00.000 UTC,76703.67606813739,30000184,15118181,393216,786432,3,6,131072,7162,2287730688,17454,2.4370287629153866,319426.23401284555,0.40617146048589314,0.8123429209717863,1.1513543702876292,372956.75621334824
2024-06-06 00:00:00.000 UTC,73567.70672069302,30000180,15090539,393216,786432,3,6,131072,7157,2473197568,18869,2.6364398490987844,345563.44390107587,0.4394066415164608,0.8788132830329216,10.138745284337013,3790301.1608215733
2024-06-05 00:00:00.000 UTC,74137.19587053571,30000180,15125187,393216,786432,3,6,131072,7168,2443968512,18646,2.601283482142857,340955.4285714286,0.43354724702380454,0.8670944940476091,7.1826171875,2650989.714285714
2024-06-04 00:00:00.000 UTC,75373.58571627842,30000217,15133994,393216,786432,3,6,131072,7169,2365194240,18045,2.5170874598967776,329919.68754359044,0.419514576649459,0.839029153298918,1.3749476914492955,468085.5550285953
2024-06-03 00:00:00.000 UTC,74928.55799329234,30000143,15124897,393216,786432,3,6,131072,7156,2290483200,17475,2.4420067076579093,320078.7031861375,0.40700111794298205,0.8140022358859641,1.0227780883174957,327405.2543320291
2024-06-02 00:00:00.000 UTC,77071.3738304706,30000127,15150055,393216,786432,3,6,131072,7161,2087583744,15927,2.2241307080016757,291521.26015919563,0.37068845133361117,0.7413769026672223,1.001815388912163,291978.8498813015
2024-06-01 00:00:00.000 UTC,79099.1412224393,30000151,15143786,393216,786432,3,6,131072,7166,2133852160,16280,2.271839240859615,297774.51297795144,0.37863987347660066,0.7572797469532013,1.0090706112196484,300755.916271281
2024-05-31 00:00:00.000 UTC,78798.67304736622,30000123,15143437,393216,786432,3,6,131072,7157,2222981120,16960,2.3697079782031576,310602.3641190443,0.3949513297005241,0.7899026594010482,1.1295235433840995,357961.8991197429
2024-05-30 00:00:00.000 UTC,76573.68052057095,30000160,15155970,393216,786432,3,6,131072,7146,2205679616,16828,2.3548838511055137,308659.3361321019,0.39248064185092063,0.7849612837018413,1.0400223901483348,321993.97705009795
2024-05-29 00:00:00.000 UTC,74240.86062132662,30000143,15147235,393216,786432,3,6,131072,7146,2300706816,17553,2.456339210747271,321957.2930310663,0.4093898684578751,0.8187797369157502,2.735936188077246,971209.4038623006
2024-05-28 00:00:00.000 UTC,69367.40338130502,30000115,15169970,393216,786432,3,6,131072,7157,2067005440,15770,2.203437194355177,288808.91993852175,0.3672395323925266,0.7344790647850532,1.0099203576917704,291940.5829258069
2024-05-27 00:00:00.000 UTC,83745.02418227565,30000156,15180649,393216,786432,3,6,131072,7154,1765933056,13473,1.8832820799552699,246845.54878389713,0.31388034665921144,0.6277606933184229,1.032289628180039,258534.66480290747
2024-05-26 00:00:00.000 UTC,85316.27011173185,30000155,15184550,393216,786432,3,6,131072,7160,1503920128,11474,1.6025139664804469,210044.71061452513,0.2670856610800754,0.5341713221601508,1,210044.71061452513
2024-05-25 00:00:00.000 UTC,87824.44596672725,30000184,15195529,393216,786432,3,6,131072,7153,1530396672,11676,1.6323221026142878,213951.72263385993,0.2720536837690497,0.5441073675380994,1.0001398014818956,213951.72263385993
2024-05-24 00:00:00.000 UTC,87825.04568315172,30000180,15152024,393216,786432,3,6,131072,7158,1624637440,12395,1.7316289466331378,226968.06929309864,0.2886048244388576,0.5772096488777152,1.0002794076557697,226986.38055322715
2024-05-23 00:00:00.000 UTC,95237.1570490429,30000184,15180528,393216,786432,3,6,131072,7157,1656487936,12638,1.7658236691351126,231450.03996087748,0.29430394485585337,0.5886078897117067,1.0008383400866285,231688.11960318568
2024-05-22 00:00:00.000 UTC,87490.3046765612,30000172,15149678,393216,786432,3,6,131072,7142,1629224960,12430,1.7404088490618874,228118.8686642397,0.29006814151031496,0.5801362830206299,1.0001400168020163,228118.8686642397
2024-05-21 00:00:00.000 UTC,89539.64053109713,30000143,15146699,393216,786432,3,6,131072,7155,1641414656,12523,1.7502445842068484,229408.05814116003,0.2917074307011421,0.5834148614022842,1.0001397624039134,229408.05814116003
2024-05-20 00:00:00.000 UTC,86001.98362491252,30000164,15202725,393216,786432,3,6,131072,7145,1477443584,11272,1.5776067179846047,206780.0677396781,0.2629344529974351,0.5258689059948702,1.000699790062981,207000.20265920224
2024-05-19 00:00:00.000 UTC,82888.14052013423,30000152,15246716,393216,786432,3,6,131072,7152,1402863616,10703,1.4965044742729305,196149.83445190155,0.24941741237882342,0.49883482475764684,1,196149.83445190155
2024-05-18 00:00:00.000 UTC,82686.07808564232,30000201,15219390,393216,786432,3,6,131072,7146,1387659264,10587,1.4815281276238454,194186.85474391267,0.24692135460397593,0.49384270920795187,1,194186.85474391267
2024-05-17 00:00:00.000 UTC,86445.00391882435,30000135,15197903,393216,786432,3,6,131072,7145,1489108992,11361,1.5900629811056683,208412.73505948216,0.2650104968509462,0.5300209937018924,1,208412.73505948216
2024-05-16 00:00:00.000 UTC,89378.93907210733,30000172,15175908,393216,786432,3,6,131072,7156,1434845184,10947,1.5297652319731694,200509.38848518726,0.25496087199552886,0.5099217439910577,1,200509.38848518726
2024-05-15 00:00:00.000 UTC,89939.83384486607,30000180,15177997,393216,786432,3,6,131072,7168,1334575104,10182,1.4204799107142858,186185.14285714287,0.23674665178571597,0.47349330357143193,1,186185.14285714287
2024-05-14 00:00:00.000 UTC,93515.98019384746,30000132,15187140,393216,786432,3,6,131072,7119,1489502208,11364,1.596291613990729,209229.13442899284,0.26604860233179095,0.5320972046635819,1,209229.13442899284
2024-05-13 00:00:00.000 UTC,88363.69881201956,30000229,15180598,393216,786432,3,6,131072,7155,1440743424,10992,1.5362683438155136,201361.764360587,0.25604472396925476,0.5120894479385095,1,201361.764360587
2024-05-12 00:00:00.000 UTC,76470.18827808085,30000205,15225501,393216,786432,3,6,131072,7149,1381629952,10541,1.4744719541194573,193261.9879703455,0.24574532568657895,0.4914906513731579,1,193261.9879703455
2024-05-11 00:00:00.000 UTC,85868.82667039419,30000229,15204801,393216,786432,3,6,131072,7154,1352925184,10322,1.4428291864691083,189114.50712887896,0.2404715310781863,0.4809430621563726,1,189114.50712887896
2024-05-10 00:00:00.000 UTC,90691.74570110443,30000111,15202677,393216,786432,3,6,131072,7153,1596719104,12182,1.703061652453516,223223.69691038725,0.2838436087422544,0.5676872174845088,1,223223.69691038725
2024-05-09 00:00:00.000 UTC,89020.83515100672,30000131,15204442,393216,786432,3,6,131072,7152,1747714048,13334,1.8643736017897092,244367.17673378077,0.31072893363161785,0.6214578672632357,1,244367.17673378077
2024-05-08 00:00:00.000 UTC,88514.3772212117,30000156,15190372,393216,786432,3,6,131072,7147,1576402944,12027,1.6828039736952567,220568.48244018469,0.28046732894921156,0.5609346578984231,1,220568.48244018469
2024-05-07 00:00:00.000 UTC,87101.80450601735,30000168,15195536,393216,786432,3,6,131072,7146,1672609792,12761,1.7857542681220262,234062.38343129022,0.297625711353674,0.595251422707348,1.0552756787013713,254238.59389868457
2024-05-06 00:00:00.000 UTC,87283.44746047292,30000180,15181553,393216,786432,3,6,131072,7147,1438384128,10974,1.5354694277319154,201257.04883167762,0.25591157128865744,0.5118231425773149,1,201257.04883167762
2024-05-05 00:00:00.000 UTC,87546.13816249475,30000234,15197439,393216,786432,3,6,131072,7151,1272971264,9712,1.358131729827996,178013.0420920151,0.22635528830466964,0.4527105766093393,1,178013.0420920151
2024-05-04 00:00:00.000 UTC,90181.64049182618,30000172,15197536,393216,786432,3,6,131072,7157,1301151744,9927,1.387033673326813,181801.27763029202,0.23117227888780587,0.46234455777561173,1,181801.27763029202
2024-05-03 00:00:00.000 UTC,86862.67761778274,30000168,15172562,393216,786432,3,6,131072,7153,1451098112,11071,1.5477422060673842,202865.66643366418,0.25795703434456824,0.5159140686891365,1,202865.66643366418
2024-05-02 00:00:00.000 UTC,88816.97410414333,30000160,15187360,393216,786432,3,6,131072,7144,1449787392,11061,1.5482922732362823,202937.764837626,0.25804871220604997,0.5160974244120999,1,202937.764837626
2024-05-01 00:00:00.000 UTC,97767.95101869942,30000151,15192830,393216,786432,3,6,131072,7166,1378484224,10517,1.4676248953391013,192364.5302818867,0.2446041492231854,0.4892082984463708,1,192364.5302818867
2024-04-30 00:00:00.000 UTC,92750.28006704847,30000205,15177856,393216,786432,3,6,131072,7159,1455161344,11102,1.5507752479396564,203263.21329794664,0.25846254132327984,0.5169250826465597,1,203263.21329794664
2024-04-29 00:00:00.000 UTC,83003.66181818182,30000184,15187542,393216,786432,3,6,131072,7150,1396703232,10656,1.4903496503496503,195343.10937062936,0.24839160839161173,0.49678321678322346,1,195343.10937062936
2024-04-28 00:00:00.000 UTC,92285.99482372691,30000201,15206421,393216,786432,3,6,131072,7148,1221984256,9323,1.3042809177392278,170954.70844991607,0.2173801529565387,0.4347603059130774,1,170954.70844991607
2024-04-27 00:00:00.000 UTC,95317.2339443123,30000131,15226683,393216,786432,3,6,131072,7147,1236271104,9432,1.3197145655519797,172977.6275360291,0.21995242759199715,0.4399048551839943,1,172977.6275360291
2024-04-26 00:00:00.000 UTC,98704.26268573031,30000160,15213882,393216,786432,3,6,131072,7134,1382285312,10546,1.478273058592655,193760.20633585646,0.2463788430987765,0.492757686197553,1,193760.20633585646
2024-04-25 00:00:00.000 UTC,100093.99413161939,30000184,15172781,393216,786432,3,6,131072,7157,1374420992,10486,1.4651390247310325,192038.7022495459,0.24418983745517167,0.48837967491034334,1,192038.7022495459
2024-04-24 00:00:00.000 UTC,98100.74120779039,30000135,15161782,393216,786432,3,6,131072,7137,1290534912,9846,1.3795712484237075,180823.1626733922,0.22992854140395166,0.45985708280790333,1,180823.1626733922
2024-04-23 00:00:00.000 UTC,95811.73640810623,30000180,15165461,393216,786432,3,6,131072,7155,1269694464,9687,1.3538784067085954,177455.550524109,0.22564640111809953,0.45129280223619905,1,177455.550524109
2024-04-22 00:00:00.000 UTC,94453.76923076923,30000188,15176314,393216,786432,3,6,131072,7150,1236008960,9430,1.318881118881119,172868.38601398602,0.2198135198135203,0.4396270396270406,1,172868.38601398602
2024-04-21 00:00:00.000 UTC,95943.26298882681,30000192,15208357,393216,786432,3,6,131072,7160,1097990144,8377,1.169972067039106,153350.5787709497,0.1949953445065182,0.3899906890130364,1,153350.5787709497
2024-04-20 00:00:00.000 UTC,93655.57700377675,30000176,15210147,393216,786432,3,6,131072,7149,1094844416,8353,1.1684151629598545,153146.51223947405,0.19473586049330915,0.3894717209866183,1,153146.51223947405
2024-04-19 00:00:00.000 UTC,97094.57539237668,30000226,15200128,393216,786432,3,6,131072,7136,1151860736,8788,1.2315022421524664,161415.46188340808,0.2052503736920778,0.4105007473841556,1,161415.46188340808
2024-04-18 00:00:00.000 UTC,96288.35025167785,30000127,15191974,393216,786432,3,6,131072,7152,1254359040,9570,1.3380872483221478,175385.77181208055,0.22301454138702526,0.4460290827740505,1,175385.77181208055
2024-04-17 00:00:00.000 UTC,95900.98141160028,30000127,15223736,393216,786432,3,6,131072,7155,1329463296,10143,1.4176100628930817,185808.986163522,0.23626834381551445,0.4725366876310289,1,185808.986163522
2024-04-16 00:00:00.000 UTC,104848.34856982614,30000136,15209665,393216,786432,3,6,131072,7132,1422131200,10850,1.521312394840157,199401.45821648906,0.25355206580669276,0.5071041316133855,1,199401.45821648906
2024-04-15 00:00:00.000 UTC,103153.15718688708,30000115,15179529,393216,786432,3,6,131072,7138,1366425600,10425,1.4604931353320258,191429.7562342393,0.24341552255533794,0.4868310451106759,1,191429.7562342393
2024-04-14 00:00:00.000 UTC,106351.6362489487,30000172,15204107,393216,786432,3,6,131072,7134,1373896704,10482,1.4693019343986544,192584.34314550043,0.24488365573311005,0.4897673114662201,1,192584.34314550043
2024-04-13 00:00:00.000 UTC,100005.16755693,30000124,15202275,393216,786432,3,6,131072,7114,1246625792,9511,1.3369412426201857,175235.56255271297,0.22282354043669778,0.44564708087339555,1,175235.56255271297
2024-04-12 00:00:00.000 UTC,99933.2455550889,30000115,15169798,393216,786432,3,6,131072,7143,1983250432,15131,2.118297634047319,277649.5074898502,0.3530496056745535,0.706099211349107,139752.62018759624,52418647434.08876
2024-04-11 00:00:00.000 UTC,103782.18190729589,30000123,15170606,393216,786432,3,6,131072,7141,1897791488,14479,2.027587172664893,265759.90589553287,0.33793119544414907,0.6758623908882981,2298126.9147178265,864164083360.103
2024-04-10 00:00:00.000 UTC,103307.54328066004,30000147,15170530,393216,786432,3,6,131072,7151,1390411776,10608,1.4834288910641868,194435.9916095651,0.2472381485106983,0.4944762970213966,1.001678086980842,194930.87959725913
2024-04-09 00:00:00.000 UTC,101670.93251190142,30000180,15190409,393216,786432,3,6,131072,7142,1442709504,11007,1.5411649397927751,202003.57098851862,0.2568608232987967,0.5137216465975935,1.0022402688322598,202480.73032763932
2024-04-08 00:00:00.000 UTC,100909.97224558452,30000140,15174232,393216,786432,3,6,131072,7134,1325400064,10112,1.4174376226520886,185786.38407625456,0.23623960377534828,0.47247920755069656,1,185786.38407625456
2024-04-07 00:00:00.000 UTC,100868.68476430976,30000136,15185537,393216,786432,3,6,131072,7128,1312686080,10015,1.4050224466891132,184159.10213243545,0.23417040778151987,0.46834081556303975,1,184159.10213243545
2024-04-06 00:00:00.000 UTC,101499.18871622568,30000123,15190698,393216,786432,3,6,131072,7143,1348206592,10286,1.4400111997760046,188745.14797704047,0.24000186662933412,0.48000373325866824,1,188745.14797704047
2024-04-05 00:00:00.000 UTC,97338.80593671241,30000176,15163113,393216,786432,3,6,131072,7142,1904738304,14532,2.034724166900028,266695.3660039205,0.3391206944833373,0.6782413889666746,1.0182021842621114,272513.0394847382
2024-04-04 00:00:00.000 UTC,96026.35992163447,30000152,15157366,393216,786432,3,6,131072,7146,2247360512,17146,2.3993842709207946,314492.0951581304,0.3998973784867995,0.799794756973599,6764277.996641478,2249732334473.6367
2024-04-03 00:00:00.000 UTC,97439.59655992169,30000143,15158557,393216,786432,3,6,131072,7151,2796683264,21337,2.9837784925185287,391089.8145713886,0.4972964154197535,0.994592830839507,44510766763.88477,16619538449796264
2024-04-02 00:00:00.000 UTC,101265.74238382703,30000160,15166785,393216,786432,3,6,131072,7123,2802188288,21379,3.0014039028499226,393400.01235434506,0.5002339838083191,1.0004679676166381,63763410408.2096,23834273602947896
2024-04-01 00:00:00.000 UTC,99616.50660112359,30000132,15181802,393216,786432,3,6,131072,7120,2800746496,21368,3.001123595505618,393363.27191011235,0.5001872659176017,1.0003745318352033,49191086512.70801,18459435292702390
2024-03-31 00:00:00.000 UTC,106195.17450042217,30000148,15190944,393216,786432,3,6,131072,7106,2797338624,21342,3.0033774275260345,393658.6861806924,0.5005629045876713,1.0011258091753426,52750838940.26105,19800255158989230
2024-03-30 00:00:00.000 UTC,108943.1191447461,30000169,15185869,393216,786432,3,6,131072,7109,2791178240,21295,2.9954986636657757,392626.00084400055,0.4992497772776267,0.9984995545552534,17607676220.86215,6585945499242770
2024-03-29 00:00:00.000 UTC,108567.1898343162,30000144,15181267,393216,786432,3,6,131072,7122,2801664000,21375,3.001263689974726,393381.6343723673,0.5002106149957872,1.0004212299915745,18502726899.131844,6947066894381775
2024-03-28 00:00:00.000 UTC,108088.99985771201,30000158,15179391,393216,786432,3,6,131072,7028,2764570624,21092,3.0011383039271484,393365.1997723392,0.5001897173211913,1.0003794346423827,26951290255.824844,10114919073131018
2024-03-27 00:00:00.000 UTC,105554.55598901893,29999822,15182886,393216,786432,3,6,131072,6921,1877082112,14321,2.069209651784424,271215.44747868803,0.3448682752974051,0.6897365505948102,15378406970.017628,5832179263581345
2024-03-26 00:00:00.000 UTC,107463.71269550515,29999843,15176698,393216,786432,3,6,131072,7097,1068630016,8153,1.1487952656051852,150574.89305340283,0.1914658776008637,0.3829317552017274,1.7200225447372128,418795.0784838664
2024-03-25 00:00:00.000 UTC,111814.7789844852,29999776,15202216,393216,786432,3,6,131072,7090,916193280,6990,0.9858956276445698,129223.31170662906,0.16431593794076182,0.32863187588152365,1.0011283497884345,129537.58871650211
2024-03-24 00:00:00.000 UTC,120744.5742434905,29999756,15217203,393216,786432,3,6,131072,7105,805699584,6147,0.8651653764954258,113398.95622800845,0.14419422941590482,0.28838845883180964,1.0029556650246305,114432.03603096411
2024-03-23 00:00:00.000 UTC,120410.0757022472,29999786,15218684,393216,786432,3,6,131072,7120,826015744,6302,0.8851123595505618,116013.44719101123,0.1475187265917608,0.2950374531835216,1,116013.44719101123
2024-03-22 00:00:00.000 UTC,114379.408045977,29999872,15198930,393216,786432,3,6,131072,7134,870580224,6642,0.9310344827586207,122032.55172413793,0.15517241379310398,0.31034482758620796,1.0028034763106253,122969.5677039529
2024-03-21 00:00:00.000 UTC,114533.22765598651,29999823,15215076,393216,786432,3,6,131072,7116,898629632,6856,0.9634626194491287,126282.9724564362,0.16057710324152208,0.32115420648304416,1.0001405283867342,126282.9724564362
2024-03-20 00:00:00.000 UTC,112685.38478809991,29999881,15212798,393216,786432,3,6,131072,7126,980287488,7479,1.0495369071007579,137564.90148751053,0.17492281785012664,0.3498456357002533,1.0023856300870053,138263.85405557114
2024-03-19 00:00:00.000 UTC,111970.63281359742,29999728,15205037,393216,786432,3,6,131072,7119,890372096,6793,0.9542070515521843,125069.8266610479,0.15903450859203086,0.3180690171840617,1.0075853350189634,127610.6239640399
2024-03-18 00:00:00.000 UTC,110322.45705047097,29999922,15217491,393216,786432,3,6,131072,7113,822607872,6276,0.8823281315900464,115648.51286377056,0.14705468859833876,0.2941093771966775,1,115648.51286377056
2024-03-17 00:00:00.000 UTC,116991.49810206665,29999930,15235937,393216,786432,3,6,131072,7113,833224704,6357,0.8937157317587516,117141.1083930831,0.14895262195978987,0.29790524391957973,1,117141.1083930831
2024-03-16 00:00:00.000 UTC,110353.92495071811,29999872,15212263,393216,786432,3,6,131072,7102,879624192,6711,0.9449450858912982,123855.84229794424,0.1574908476485482,0.3149816952970964,1,123855.84229794424
2024-03-15 00:00:00.000 UTC,104562.7099536712,29999918,15223688,393216,786432,3,6,131072,7123,953286656,7273,1.021058542748842,133832.1853151762,0.170176423791473,0.340352847582946,1,133832.1853151762
2024-03-14 00:00:00.000 UTC,112776.22076456482,29999930,15198557,393216,786432,3,6,131072,7089,1458044928,11124,1.569191705459162,205677.09521794328,0.2615319509098744,0.5230639018197488,1,205677.09521794328
2024-03-13 00:00:00.000 UTC,140279.27450319973,29999951,15190555,393216,786432,3,6,131072,2969,199622656,1523,0.5129673290670259,67235.65375547322,0.08549455484450286,0.1709891096890057,1,67235.65375547322
